id,number
1,0100000Z1630
2,010000405303
3,010000405402
4,010000C10100
5,010000C10510
6,010000C10908
7,010000C94300
8,010000Y67530
9,010000Y685U0
10,010000Z2040J
11,01000D69010I
12,01000D69130G
13,01000D691506
14,01000D69190J
15,01000D692108
16,01000D69230G
17,01000D69250P
18,01000D69270J
19,01000D69290J
20,01000D693307
21,01000D69350H
22,01000D69370B
23,01000D693908
24,01000D698310
25,01000D698501
26,01000D699510
27,01000D780102
28,01000D781309
29,01000D78150A
30,01000D78170C
31,01000D78210C
32,01000D782508
33,01000D782709
34,01000D782907
35,01000D78310E
36,01000D783305
37,01000D783510
38,01000D792910
39,01000D793106
40,01000D79330E
41,01000D793503
42,01000D794503
43,01000D795102
44,01000D795920
45,01000D796903
46,01000D797309
47,01000D797706
48,01000D798309
49,01000D798704
50,01000D850104
51,01000D851106
52,01000D85130A
53,01000D85190F
54,01000D853110
55,01000D85330B
56,01000D854504
57,01000D91393D
58,01000K101008
59,01000K15280L
60,01000K51010E
61,01000K510303
62,01000K513108
63,01000K513203
64,01000K513340
65,01000K513403
66,01000K514902
67,01000K515010
68,01000K515104
69,01000K515204
70,01000K516502
71,01000K516601
72,01000K518007
73,01000K51810D
74,01000K51820B
75,01000K518309
76,01000K518409
77,01000K51850B
78,01000K518609
79,01000K51870B
80,01000K518807
81,01000K51890F
82,01000K70170P
83,01000K701801
84,01000K70313E
85,01000K70324D
86,01000K70380N
87,01000K70414J
88,01000K70657M
89,01000K7089D0
90,01000K709172
91,01000K70930V
92,01000K71030P
93,01000K712300
94,01000K71250D
95,01000K71270R
96,01000K713709
97,01000K714203
98,01000K718702
99,01000K72210G
100,01000K72890I
101,020000401604
102,02000040170A
103,02000040180F
104,020000401903
105,02000041350U
106,02000041360Y
107,02000041720T
108,02000062150U
109,02000062160Q
110,020000627214
111,02000062741B
112,020000C10208
113,020000C10606
114,020000C11020
115,020000C11210
116,020000C11300
117,020000C11402
118,020000C94101
119,020000C94202
120,020000C94400
121,020000C94500
122,020000C94610
123,020000C94700
124,020000C94820
125,020000C94900
126,020000C95000
127,020000C96100
128,020000C96200
129,020000D52200
130,020000D53304
131,020000G71405
132,020000G77209
133,020000G77504
134,020000K3500I
135,020000K5480E
136,020000K55405
137,020000K63000
138,020000Y53830
139,020000Y79400
140,02000D780209
141,02000D78120D
142,02000D78140D
143,02000D78160C
144,02000D78180I
145,02000D78200D
146,02000D78240K
147,02000D78260F
148,02000D78280A
149,02000D783410
150,02000D783810
151,02000D790202
152,02000D790403
153,02000D790600
154,02000D791703
155,02000D792001
156,02000D792303
157,02000D792703
158,02000D793001
159,02000D793702
160,02000D794702
161,02000D79610A
162,02000D796605
163,02000D798903
164,02000G12390D
165,02000G351000
166,02000G351500
167,02000G365800
168,02000K10220C
169,02000K139424
170,02000K51020C
171,02000K510406
172,02000K511906
173,02000K512007
174,02000K515706
175,02000K515805
176,02000K70666C
177,02000K71060L
178,02000K712601
179,02000K71280N
180,02000K713805
181,0300000T180C
182,03000040510B
183,03000040520A
184,030000417110
185,03000062231O
186,03000062242E
187,03000062860L
188,03000062880H
189,030000D52003
190,030000D53603
191,030000D56602
192,030000G10600
193,030000G12600
194,030000G71607
195,030000G72406
196,030000G73202
197,030000G75403
198,030000G77805
199,030000K56208
200,030000K9400Q
201,030000T22810
202,030000T2980M
203,03000D695404
204,03000D790102
205,03000D790301
206,03000D791020
207,03000D791202
208,03000D795807
209,03000D796405
210,03000D796805
211,03000D797408
212,03000D797605
213,03000D797810
214,03000D798106
215,03000D798401
216,03000D798620
217,03000D799004
218,03000D85120D
219,03000D85160E
220,03000D85200J
221,03000D85220D
222,03000D85240D
223,03000D85260E
224,03000D852840
225,03000D853010
226,03000D853220
227,03000D85340B
228,03000D853620
229,03000D854903
230,03000D916825
231,03000G350800
232,03000G351201
233,03000K101403
234,03000K14520U
235,03000K205204
236,03000K714905
237,03000K715005
238,03000K7156C0
239,03000K715708
240,03000K715809
241,03000K715908
242,03000K716008
243,03000K722204
244,03000K72900B
245,0400000K5011
246,0400000T480H
247,0400000Z1804
248,0400000Z8405
249,04000040810R
250,04000040850G
251,04000040860K
252,04000040950X
253,04000041870Y
254,040000624535
255,040000624634
256,04000062590E
257,04000062790O
258,04000062800O
259,040000629101
260,040000629201
261,040000629301
262,040000629403
263,040000629501
264,040000D51204
265,040000D52802
266,040000D55204
267,040000G10400
268,040000G10801
269,040000G12400
270,040000G72204
271,040000G7680C
272,040000G78207
273,040000G78604
274,040000K13001
275,040000K32200
276,040000K3810A
277,040000K49000
278,040000K4980K
279,040000K55012
280,040000K9800F
281,040000K99605
282,040000T2440O
283,040000Z3080A
284,04000D69020N
285,04000D69120O
286,04000D69160J
287,04000D69180L
288,04000D69200K
289,04000D69220N
290,04000D69240M
291,04000D69260H
292,04000D69280G
293,04000D69300C
294,04000D69320E
295,04000D693605
296,04000D69400L
297,04000D694207
298,04000D694802
299,04000D695002
300,04000D695209
301,04000D698220
302,04000D698401
303,04000D698810
304,04000D699405
305,04000D699803
306,04000D79820G
307,04000D91402K
308,04000G119404
309,04000G12620H
310,04000G128006
311,04000G263406
312,04000G350600
313,04000K12300H
314,04000K206207
315,04000K511130
316,04000K511310
317,04000K511440
318,04000K704010
319,04000K70427J
320,04000K71040W
321,04000K710801
322,04000K7154E2
323,04000K718805
324,05000041700A
325,05000041840R
326,050000418819
327,05000062380N
328,05000062400O
329,050000K92810
330,050000K99201
331,050000Y35480
332,050000Y38660
333,050000Y38670
334,050000Y48410
335,05000K12600E
336,05000K13020Y
337,05000K13040K
338,05000K208406
339,05000K262407
340,05000K511210
341,05000K70900A
342,05000K709291
343,05000K709861
344,05000K719107
345,05000K719276
346,0h0000D51601
347,0h0000D52400
348,0h0000D54001
349,0h0000D54401
350,0h0000D54800
351,0h0000G10200
352,0h0000G11600
353,0h0000G11800
354,0h0000G12200
355,0h0000G51800
356,0h0000G52000
357,0h0000G7020G
358,0h0000G7040F
359,0h0000G7060D
360,0h0000G7080C
361,0h0000G7100C
362,0h0000G7120C
363,0h0000G7200E
364,0h0000G7280G
365,0h0000G7300A
366,0h0000G76408
367,0h0000G77005
368,0h0000K34000
369,0h0000K7040K
370,0h0000K9760K
371,0h0000T18407
372,0h0000Z1140N
373,0h0000Z15809
374,0h0000Z1740H
375,0h0000Z1780I
376,0h0000Z23820
377,0h0000Z36807
378,0h000D691703
379,0h000D694700
380,0h000D694900
381,0h000D698102
382,0h000D699302
383,0h000D78110G
384,0h000D782303
385,0h000D791507
386,0h000D792107
387,0h000D792505
388,0h000D795701
389,0h000D796309
390,0h000D796707
391,0h000D797500
392,0h000D85150A
393,0h000D851701
394,0h000D852306
395,0h000D852903
396,0h000D916726
397,0h000G12020L
398,0h000G12060T
399,0h000G121000
400,0h000G12760H
401,0h000G263805
402,0h000G264407
403,0h000G265608
404,0h000G34920A
405,0h000G350202
406,0h000G350400
407,0h000G351801
408,0h000G352201
409,0h000G352401
410,0h000G352601
411,0h000G352800
412,0h000K10620L
413,0h000K13840L
414,1100000Z6200
415,110000C50205
416,110000C50306
417,110000C50406
418,110000C50503
419,110000C50607
420,110000C50706
421,110000C50806
422,110000C50904
423,110000C51005
424,110000C51107
425,110000C51203
426,110000C51705
427,110000C51804
428,110000C51905
429,110000C52103
430,110000C52203
431,110000C52702
432,110000C52802
433,110000C53102
434,110000C53203
435,110000C53302
436,110000C53403
437,110000C5470F
438,110000C54810
439,110000D51901
440,110000D52103
441,110000G12800
442,110000G13000
443,110000G13200
444,110000K1280K
445,110000K3350F
446,110000K9580E
447,110000T1220Q
448,110000Y51410
449,110000Z1020F
450,110000Z21205
451,110000Z32809
452,110000Z3840I
453,110000Z39808
454,11000C10010F
455,11000C10030D
456,11000C10070C
457,11000C10090D
458,11000C10110B
459,11000C101310
460,11000C10170B
461,11000C101908
462,11000C102104
463,11000C10230D
464,11000C10250B
465,11000C10270D
466,11000C102904
467,11000C104109
468,11000C104309
469,11000C10450W
470,11000C10470D
471,11000C10490C
472,11000C12050C
473,11000C120905
474,11000C121105
475,11000C121505
476,11000C121705
477,11000C122105
478,11000C122306
479,11000C122709
480,11000C122908
481,11000C12330E
482,11000C123703
483,11000C124306
484,11000C130309
485,11000C130707
486,11000C131107
487,11000C131503
488,11000C131901
489,11000C133302
490,11000C134602
491,11000C135321
492,11000C13570H
493,11000D809805
494,11000G354403
495,11000G80020F
496,11000G80060H
497,11000G80100H
498,11000G80120G
499,11000G81040C
500,11000G813701
501,11000K10240A
502,11000K11900R
503,11000K182004
504,11000K50090F
505,11000K50100G
506,11000K50361K
507,11000K73060P
508,11000K752108
509,11000K75660S
510,11000K757130
511,11000K75950B
512,11000K75960D
513,11000T530104
514,11000T530207
515,11000T530306
516,11000T530603
517,11000Z500108
518,11000Z50020C
519,11000Z50030J
520,11000Z50040I
521,11000Z50050K
522,11000Z50060N
523,1200000K280M
524,1200000K540D
525,1200000Z1220
526,12000042300S
527,12000043200P
528,12000043250T
529,12000043260N
530,120000C51602
531,120000C52600
532,120000C53803
533,120000C54003
534,120000C54202
535,120000C55000
536,120000D50203
537,120000D50603
538,120000G14601
539,120000G14800
540,120000G15000
541,120000G15200
542,120000G15400
543,120000G15600
544,120000G17800
545,120000G78004
546,120000G7840D
547,120000G7880B
548,120000K19025
549,120000K34611
550,120000K38836
551,120000T19404
552,120000T3020A
553,120000Y44910
554,120000Z1880I
555,12000C110203
556,12000C110610
557,12000C111020
558,12000C111804
559,12000C112205
560,12000C113003
561,12000C115403
562,12000C115802
563,12000C116201
564,12000C116604
565,12000C117406
566,12000C117805
567,12000C150201
568,12000C150300
569,12000C150410
570,12000C150510
571,12000C150601
572,12000C150700
573,12000C150800
574,12000C150900
575,12000C151001
576,12000C151100
577,12000C151200
578,12000C151301
579,12000C151402
580,12000C151500
581,12000C151600
582,12000D76030G
583,12000D76040A
584,12000D76060D
585,12000D76070A
586,12000D76100C
587,12000D76110B
588,12000D76120B
589,12000D761309
590,12000D76150H
591,12000D76160J
592,12000D761908
593,12000D76200B
594,12000D76230C
595,12000D76240B
596,12000D76250E
597,12000D762708
598,12000D76280A
599,12000D76290C
600,12000D76300F
601,12000D763109
602,12000D76320B
603,12000D76330B
604,12000D76380I
605,12000D76400J
606,12000D765212
607,12000D76670G
608,12000D76680J
609,12000D766906
610,12000D767007
611,12000D767206
612,12000D76790C
613,12000D76800D
614,12000D77310H
615,12000D77420D
616,12000D77430G
617,12000D77470F
618,12000D77510G
619,12000D77550D
620,12000D776204
621,12000D776405
622,12000D776802
623,12000D778806
624,12000D807204
625,12000D807430
626,12000D80800O
627,12000D809008
628,12000D809705
629,12000G12180F
630,12000G12220H
631,12000G12260O
632,12000G12300L
633,12000G12420C
634,12000G12460D
635,12000G12720L
636,12000G12840V
637,12000G12880J
638,12000G13000J
639,12000G137600
640,12000G139000
641,12000G26300B
642,12000G265003
643,12000G26520I
644,12000G348603
645,12000G349810
646,12000G352700
647,12000G360200
648,12000G360602
649,12000G360800
650,12000G361000
651,12000G369204
652,12000G80330C
653,12000G80350B
654,12000G804220
655,12000G80460C
656,12000G80480D
657,12000G805020
658,12000G80520K
659,12000G805408
660,12000G80560F
661,12000G80580B
662,12000G80600J
663,12000G80640O
664,12000G80660S
665,12000G806812
666,12000G80700J
667,12000G808209
668,12000G81060E
669,12000G813100
670,12000G813300
671,12000G814200
672,12000G815500
673,12000G815701
674,12000G815901
675,12000G816102
676,12000K126206
677,12000K15200T
678,12000K20480P
679,12000K255010
680,12000K732206
681,12000K74250J
682,12000K750402
683,12000K750706
684,12000K75080B
685,12000K75410B
686,12000K75650W
687,13000042290Q
688,130000C54900
689,130000K12903
690,130000K32100
691,130000K5490V
692,130000K56105
693,130000K62900
694,130000K6830J
695,130000K71521
696,130000T13115
697,130000T36910
698,13000D77410H
699,13000D775309
700,13000D775707
701,13000G80070J
702,13000G801108
703,13000G80130H
704,13000G80170H
705,13000G804105
706,13000G80450F
707,13000G804707
708,13000G804908
709,13000G80510D
710,13000G80530F
711,13000G80550M
712,13000G80570G
713,13000G80590J
714,13000G806103
715,13000G806503
716,13000G812507
717,13000K12290Q
718,13000K15650L
719,13000K205103
720,13000K206105
721,13000K20830A
722,13000K262305
723,13000K50710C
724,13000K73050L
725,13000K732106
726,13000K73330R
727,13000K73850M
728,13000K75270R
729,150000C51501
730,150000C52500
731,150000G75508
732,150000G7630G
733,150000Y448U0
734,150000Y453B0
735,150000Y49110
736,15000D776307
737,15000D807103
738,15000D807320
739,15000D80790O
740,15000D808710
741,15000G156400
742,15000G179800
743,15000G808110
744,15000K50730B
745,15000K75010C
746,15000K75020G
747,15000K750304
748,160000435709
749,160000437008
750,160000D56802
751,160000K66807
752,160000K8950T
753,160000K90806
754,16000C110404
755,16000C110820
756,16000C111204
757,16000C111603
758,16000C112007
759,16000C112406
760,16000C115203
761,16000C115602
762,16000C116002
763,16000C117207
764,16000C117604
765,16000C118005
766,16000D776606
767,16000G365206
768,16000G365405
769,16000G366000
770,16000G366202
771,16000G36640A
772,16000G36660Y
773,16000G366803
774,16000G367003
775,16000G367206
776,16000G367403
777,16000G367604
778,16000G368003
779,16000G809600
780,16000G814400
781,16000G814807
782,16000K145809
783,16000K256003
784,16000K266102
785,16000K50351H
786,16000K732700
787,16000K732800
788,16000K75280Q
789,16000K753307
790,16000K753407
791,16000K753505
792,16000K753605
793,16000K753707
794,16000K753809
795,1800000K9605
796,180000424605
797,180000D52600
798,180000D53003
799,180000D53505
800,180000G13400
801,180000G13600
802,180000G13800
803,180000G14000
804,180000Y352S0
805,180000Y80420
806,180000Z1180C
807,180000Z51805
808,18000C103707
809,18000C120208
810,18000C120607
811,18000C121207
812,18000C121806
813,18000C122009
814,18000C12240C
815,18000C122607
816,18000C123007
817,18000C123204
818,18000C123610
819,18000C12380C
820,18000C124806
821,18000C125004
822,18000C125209
823,18000C130106
824,18000C130505
825,18000C130905
826,18000C131303
827,18000C131703
828,18000C133101
829,18000C133501
830,18000G123409
831,18000G353202
832,18000G354000
833,18000G354201
834,18000G355200
835,18000G355401
836,18000G355601
837,18000G355800
838,18000G356801
839,18000G80040P
840,18000G80080K
841,18000G80160E
842,18000G80180G
843,18000G80200L
844,18000G80240M
845,18000G80320B
846,18000G81080A
847,18000G811402
848,18000G811602
849,18000G815201
850,18000G815601
851,18000G815800
852,18000G816001
853,18000K15720C
854,18000K19860J
855,18000K73340V
856,18000K74260I
857,19000042450W
858,19000043490F
859,190000D54701
860,190000D55101
861,190000K4300V
862,190000K9720K
863,19000C135101
864,19000C135501
865,19000G811200
866,19000K73860P
867,19000K752209
868,19000K75420A
869,19000K757210
870,1c0000D51405
871,1c0000D51801
872,1c0000D53404
873,1c0000D54204
874,1c0000D54601
875,1c0000G14200
876,1c000C10020D
877,1c000C100410
878,1c000C100609
879,1c000C10080A
880,1c000C10100A
881,1c000C10120F
882,1c000C101410
883,1c000C10160A
884,1c000C101808
885,1c000C10200F
886,1c000C10240I
887,1c000C10260C
888,1c000C102807
889,1c000C103001
890,1c000C104003
891,1c000C10420C
892,1c000C10460Y
893,1c000C10480C
894,1c000C12080B
895,1c000C134803
896,1c000D809209
897,1c000G12660H
898,1c000G260401
899,1c000G353401
900,1c000G81260E
901,1c000G81280J
902,1c000G81300C
903,1g00000G9800
904,1g0000C53702
905,1g0000C53902
906,1g0000C54106
907,1g0000G15700
908,1g0000G16100
909,1g0000G16900
910,1g0000G17300
911,1g0000G51700
912,1g0000G51900
913,1g0000G70109
914,1g0000G7030F
915,1g0000G7050I
916,1g0000G7070J
917,1g0000G7090C
918,1g0000G7110G
919,1g0000G7130F
920,1g0000G7170N
921,1g0000G7190B
922,1g0000G7210T
923,1g0000G7250I
924,1g0000G7270O
925,1g0000G7290K
926,1g0000G7310I
927,1g0000G7670F
928,1g0000G76909
929,1g0000G77104
930,1g0000G77309
931,1g000C10050A
932,1g000C120305
933,1g000C123500
934,1g000D773309
935,1g000D77370H
936,1g000D77490J
937,1g000D808510
938,1g000D809304
939,1g000D80950N
940,1g000G12510C
941,1g000G12560D
942,1g000G12920B
943,1g000G12930I
944,1g000G133700
945,1g000G136000
946,1g000G262207
947,1g000G26250D
948,1g000G353602
949,1g000G353801
950,1g000G362100
951,1g000G362500
952,1g000G362901
953,1g000G363301
954,1g000G363702
955,1g000G369704
956,1g000G80010A
957,1g000G80050G
958,1g000G80090A
959,1g000G80150L
960,1g000G801907
961,1g000G80230J
962,1g000G806302
963,1g000G80670W
964,1g000G80690M
965,1g000G807103
966,1g000G807204
967,1g000G809203
968,1g000G809510
969,1g000G811101
970,1g000G811300
971,1g000G811502
972,1g000G812700
973,1g000G813800
974,1g000G814706
975,1g000G81830C
976,1g000K10090F
977,1g000K10210K
978,1k000C116502
979,1k000D776106
980,1k000G817102
981,1k000G818508
982,1n000D772407
983,1n000G810305
984,24000000D131
985,24000000D342
986,24000000D520
987,24000000D72M
988,24000000D90O
989,24000000G10L
990,24000000G320
991,24000000G520
992,24000000G710
993,24000000G907
994,24000000T729
995,24000000T92K
996,24000000Z50P
997,2400000C1905
998,2400000C2105
999,2400000C2310
1000,2400000C2704
1001,2400000C2910
1002,2400000D1156
1003,2400000D170O
1004,2400000D190V
1005,2400000D2547
1006,2400000D2725
1007,2400000D2922
1008,2400000D3503
1009,2400000D370R
1010,2400000D4110
1011,2400000D4301
1012,2400000D4906
1013,2400000D5906
1014,2400000D6701
1015,2400000D9502
1016,2400000G110Q
1017,2400000G130E
1018,2400000G1520
1019,2400000G1700
1020,2400000G190T
1021,2400000G210D
1022,2400000G2307
1023,2400000G2507
1024,2400000G2720
1025,2400000G2930
1026,2400000G3130
1027,2400000G3340
1028,2400000G3530
1029,2400000G3730
1030,2400000G390D
1031,2400000G4130
1032,2400000G4330
1033,2400000G4520
1034,2400000G4700
1035,2400000G4900
1036,2400000G5110
1037,2400000G5310
1038,2400000G5530
1039,2400000G650Y
1040,2400000G6920
1041,2400000G7100
1042,2400000G7310
1043,2400000G8720
1044,2400000K2715
1045,2400000K4125
1046,2400000K530K
1047,2400000K8933
1048,2400000K950N
1049,2400000T171O
1050,2400000T2102
1051,2400000T350B
1052,2400000T4731
1053,2400000T490V
1054,2400000Z150G
1055,2400000Z170L
1056,2400000Z210W
1057,2400000Z290U
1058,2400000Z5122
1059,2400000Z550X
1060,2400000Z610M
1061,2400000Z691D
1062,2400000Z770T
1063,2400000Z830C
1064,240000146135
1065,240000642012
1066,240000642201
1067,24000064380I
1068,240000C11503
1069,240000C12506
1070,240000C1270E
1071,240000C1290B
1072,240000C13104
1073,240000C13503
1074,240000C79900
1075,240000D11700
1076,240000D1310E
1077,240000D13306
1078,240000D13504
1079,240000D13705
1080,240000D13903
1081,240000D26705
1082,240000D26903
1083,240000D50306
1084,240000D5070A
1085,240000D9011W
1086,240000D90320
1087,240000D9190B
1088,240000D92132
1089,240000D9231V
1090,240000D92729
1091,240000D9391L
1092,240000D99502
1093,240000D99703
1094,240000G10120
1095,240000G10340
1096,240000G10510
1097,240000G10700
1098,240000G11530
1099,240000G11720
1100,240000G12120
1101,240000G12340
1102,240000G12520
1103,240000G12750
1104,240000G12930
1105,240000G13120
1106,240000G13330
1107,240000G13520
1108,240000G13720
1109,240000G13920
1110,240000G14110
1111,240000G14321
1112,240000G14500
1113,240000G14700
1114,240000G14921
1115,240000G15140
1116,240000G15300
1117,240000G15540
1118,240000G15940
1119,240000G16320
1120,240000G17120
1121,240000G17510
1122,240000G17750
1123,240000G30140
1124,240000G30310
1125,240000G30510
1126,240000G30710
1127,240000G30920
1128,240000G31100
1129,240000G31500
1130,240000G31700
1131,240000G31900
1132,240000G32120
1133,240000G32310
1134,240000G32900
1135,240000G33120
1136,240000G33320
1137,240000G33520
1138,240000G33720
1139,240000G33930
1140,240000G34110
1141,240000G34300
1142,240000G34503
1143,240000G34700
1144,240000G34910
1145,240000G35140
1146,240000G35300
1147,240000G35700
1148,240000G36100
1149,240000G36500
1150,240000G36700
1151,240000G36910
1152,240000G37120
1153,240000G37300
1154,240000G37500
1155,240000G37700
1156,240000G37930
1157,240000G5010L
1158,240000G5030I
1159,240000G5050E
1160,240000G5070L
1161,240000G5110Y
1162,240000G5210M
1163,240000G5250N
1164,240000G5270T
1165,240000G52980
1166,240000G54700
1167,240000G54900
1168,240000G55110
1169,240000G5550H
1170,240000G5590B
1171,240000G5610L
1172,240000G56520
1173,240000G57126
1174,240000G59700
1175,240000G59900
1176,240000G6010N
1177,240000G6030J
1178,240000G60550
1179,240000G6070G
1180,240000G6090E
1181,240000G6110S
1182,240000G6130M
1183,240000G6150G
1184,240000G6210D
1185,240000G6230E
1186,240000G6250I
1187,240000G6270O
1188,240000G6290B
1189,240000G63300
1190,240000G64300
1191,240000G6510Y
1192,240000G6530P
1193,240000G6550O
1194,240000G65751
1195,240000G6590V
1196,240000G66122
1197,240000G6650X
1198,240000G66920
1199,240000G67128
1200,240000G6730P
1201,240000G68102
1202,240000G68307
1203,240000G68503
1204,240000G68910
1205,240000G69300
1206,240000G73300
1207,240000G73500
1208,240000G73700
1209,240000G74100
1210,240000G74300
1211,240000G74500
1212,240000G74700
1213,240000G74901
1214,240000G75100
1215,240000G79120
1216,240000G79500
1217,240000G79700
1218,240000G79901
1219,240000G80130
1220,240000G80310
1221,240000G80530
1222,240000G80730
1223,240000G80900
1224,240000G81110
1225,240000G81300
1226,240000G81501
1227,240000G81700
1228,240000G81900
1229,240000G82100
1230,240000G82300
1231,240000G82900
1232,240000G83500
1233,240000G84900
1234,240000G87110
1235,240000G87500
1236,240000G87700
1237,240000G87910
1238,240000G88103
1239,240000G88301
1240,240000G88510
1241,240000G8870G
1242,240000G89120
1243,240000G89310
1244,240000G8970A
1245,240000G96320
1246,240000G96510
1247,240000G96910
1248,240000G97920
1249,240000G98120
1250,240000G98310
1251,240000K1053D
1252,240000K10700
1253,240000K1173B
1254,240000K1573B
1255,240000K17915
1256,240000K26100
1257,240000K26740
1258,240000K2690Y
1259,240000K2853B
1260,240000K33934
1261,240000K3410A
1262,240000K3490S
1263,240000K3830K
1264,240000K4011D
1265,240000K41133
1266,240000K4291I
1267,240000K47322
1268,240000K4971W
1269,240000K50742
1270,240000K57137
1271,240000K6030W
1272,240000K6090T
1273,240000K68124
1274,240000S10106
1275,240000S10204
1276,240000S1030C
1277,240000S10406
1278,240000S10520
1279,240000S10607
1280,240000S10708
1281,240000S10809
1282,240000S10906
1283,240000S11003
1284,240000S11104
1285,240000S11205
1286,240000S5010D
1287,240000S50208
1288,240000S50309
1289,240000S5040B
1290,240000S51104
1291,240000S51205
1292,240000S51305
1293,240000S51404
1294,240000S51508
1295,240000S51608
1296,240000S51706
1297,240000S51803
1298,240000S52104
1299,240000S52202
1300,240000S52301
1301,240000S52404
1302,240000S60103
1303,240000S60204
1304,240000S60301
1305,240000S60402
1306,240000S61100
1307,240000S61201
1308,240000T10918
1309,240000T14529
1310,240000T17514
1311,240000T23114
1312,240000T2890Z
1313,240000T2971H
1314,240000Z1170J
1315,240000Z1510S
1316,240000Z1590O
1317,240000Z16122
1318,240000Z1793A
1319,240000Z2030W
1320,240000Z21107
1321,240000Z22510
1322,240000Z2850T
1323,240000Z29507
1324,240000Z5010I
1325,240000Z6010M
1326,24000C20011I
1327,24000C200311
1328,24000C200515
1329,24000C20071B
1330,24000C20091J
1331,24000C201118
1332,24000C20130V
1333,24000C20150T
1334,24000C20170P
1335,24000C20190N
1336,24000C20211A
1337,24000C20230T
1338,24000C20250O
1339,24000C20271C
1340,24000C202912
1341,24000C20310R
1342,24000C203310
1343,24000C210121
1344,24000C210321
1345,24000C21050X
1346,24000C210710
1347,24000C21090V
1348,24000C21110S
1349,24000C21130E
1350,24000C21150A
1351,24000C211704
1352,24000C211906
1353,24000C212307
1354,24000C212509
1355,24000C21290F
1356,24000C213123
1357,24000C213521
1358,24000C21390N
1359,24000C22010T
1360,24000C22030R
1361,24000C22050W
1362,24000C22070K
1363,24000C220911
1364,24000C22110O
1365,24000C22150I
1366,24000C22170M
1367,24000C221922
1368,24000C22210W
1369,24000C22250N
1370,24000C22270P
1371,24000C222910
1372,24000C22310S
1373,24000C22350F
1374,24000C22370P
1375,24000C22390Z
1376,24000C22430O
1377,24000C22450F
1378,24000C224704
1379,24000C22510E
1380,24000C22530K
1381,24000C225503
1382,24000C225702
1383,24000C225905
1384,24000C226304
1385,24000C226704
1386,24000C22750L
1387,24000C230102
1388,24000C255105
1389,24000C255305
1390,24000C255506
1391,24000C255706
1392,24000C255905
1393,24000C256104
1394,24000C256305
1395,24000C256504
1396,24000C256707
1397,24000C256906
1398,24000C257105
1399,24000C257304
1400,24000C25750O
1401,24000C257705
1402,24000C257905
1403,24000C25810C
1404,24000C25830D
1405,24000C25850E
1406,24000C25870C
1407,24000C25890D
1408,24000C25910B
1409,24000C25930B
1410,24000C259509
1411,24000C259709
1412,24000C259904
1413,24000C26010R
1414,24000C26030S
1415,24000C260507
1416,24000C260713
1417,24000C26090Y
1418,24000C26111T
1419,24000C26130T
1420,24000C261510
1421,24000C261706
1422,24000C261907
1423,24000C262107
1424,24000C262306
1425,24000C262507
1426,24000C262707
1427,24000C26290O
1428,24000C26310D
1429,24000C270105
1430,24000C270207
1431,24000C270306
1432,24000C270408
1433,24000C270506
1434,24000C270609
1435,24000C270701
1436,24000C270806
1437,24000C270905
1438,24000C271006
1439,24000C271102
1440,24000C271205
1441,24000C271306
1442,24000C271404
1443,24000C271506
1444,24000C271606
1445,24000C271705
1446,24000C271802
1447,24000C271904
1448,24000C272007
1449,24000C272106
1450,24000C272206
1451,24000C272306
1452,24000C272406
1453,24000C272505
1454,24000C272604
1455,24000C272703
1456,24000C272904
1457,24000C273006
1458,24000C273108
1459,24000C273203
1460,24000C273304
1461,24000C273402
1462,24000C273503
1463,24000C273604
1464,24000C273800
1465,24000C273900
1466,24000C27440F
1467,24000D101520
1468,24000D102706
1469,24000D103305
1470,24000D103503
1471,24000D103703
1472,24000D103903
1473,24000D104302
1474,24000D104502
1475,24000D104703
1476,24000D104902
1477,24000D105102
1478,24000D105701
1479,24000D105900
1480,24000D106100
1481,24000D106500
1482,24000D106700
1483,24000D107720
1484,24000D108101
1485,24000D109107
1486,24000D112120
1487,24000D112320
1488,24000D112506
1489,24000D112705
1490,24000D112905
1491,24000D113104
1492,24000D115104
1493,24000D664200
1494,24000D670307
1495,24000D670510
1496,24000D670704
1497,24000D670902
1498,24000D671120
1499,24000D671903
1500,24000D67220A
1501,24000D672309
1502,24000D672408
1503,24000D67250C
1504,24000D672609
1505,24000D67270A
1506,24000D672809
1507,24000G101501
1508,24000G102500
1509,24000G104300
1510,24000G104505
1511,24000G104704
1512,24000G104904
1513,24000G105100
1514,24000G105310
1515,24000G105504
1516,24000G105901
1517,24000G10610D
1518,24000G106308
1519,24000G10650A
1520,24000G10670D
1521,24000G10690J
1522,24000G10710E
1523,24000G107504
1524,24000G107709
1525,24000G107905
1526,24000G108103
1527,24000G108309
1528,24000G10850F
1529,24000G10870I
1530,24000G10890A
1531,24000G109107
1532,24000G10990C
1533,24000G114900
1534,24000G119700
1535,24000G124900
1536,24000G125900
1537,24000G126900
1538,24000G130700
1539,24000G137501
1540,24000G138900
1541,24000G140500
1542,24000G149500
1543,24000G151510
1544,24000G152710
1545,24000G155504
1546,24000G156310
1547,24000G156506
1548,24000G15670E
1549,24000G15710D
1550,24000G15770H
1551,24000G15790H
1552,24000G158705
1553,24000G15890B
1554,24000G159107
1555,24000G159504
1556,24000G171900
1557,24000G179700
1558,24000G235900
1559,24000G237700
1560,24000G245300
1561,24000G245503
1562,24000G245709
1563,24000G24590C
1564,24000G246104
1565,24000G246309
1566,24000G246507
1567,24000G24670B
1568,24000G246909
1569,24000G24710C
1570,24000G247308
1571,24000G24750C
1572,24000G247709
1573,24000G248109
1574,24000G248305
1575,24000G248505
1576,24000G249108
1577,24000G249307
1578,24000G249505
1579,24000G25010M
1580,24000G250340
1581,24000G250540
1582,24000G250730
1583,24000G250905
1584,24000G251105
1585,24000G251304
1586,24000G251502
1587,24000G251710
1588,24000G25190G
1589,24000G252103
1590,24000G252305
1591,24000G252507
1592,24000G252705
1593,24000G252902
1594,24000G253103
1595,24000G253305
1596,24000G253506
1597,24000G253706
1598,24000G253909
1599,24000G254105
1600,24000G254302
1601,24000G254503
1602,24000G254701
1603,24000G254901
1604,24000G255106
1605,24000G25530E
1606,24000G255501
1607,24000G255707
1608,24000G25610C
1609,24000G256303
1610,24000G256901
1611,24000G257105
1612,24000G257303
1613,24000G25750B
1614,24000G25770D
1615,24000G25810A
1616,24000G258506
1617,24000G25870C
1618,24000G25950D
1619,24000G350110
1620,24000G350320
1621,24000G350710
1622,24000G350901
1623,24000G351120
1624,24000G351300
1625,24000G351701
1626,24000G351905
1627,24000G352101
1628,24000G352303
1629,24000G352500
1630,24000G353105
1631,24000G353300
1632,24000G353501
1633,24000G353701
1634,24000G353905
1635,24000G354102
1636,24000G354303
1637,24000G355110
1638,24000G355501
1639,24000G355700
1640,24000G360120
1641,24000G36050C
1642,24000G360902
1643,24000G361107
1644,24000G362301
1645,24000G362703
1646,24000G363101
1647,24000G363501
1648,24000G363901
1649,24000G364920
1650,24000G365104
1651,24000G365503
1652,24000G36630D
1653,24000G366505
1654,24000G366703
1655,24000G366904
1656,24000G367104
1657,24000G367304
1658,24000G367503
1659,24000G36770C
1660,24000G367904
1661,24000G36910A
1662,24000G369506
1663,24000G383300
1664,24000G383700
1665,24000G67010K
1666,24000G670205
1667,24000G67030N
1668,24000G67070J
1669,24000G67090Q
1670,24000G671122
1671,24000G67130M
1672,24000G67150H
1673,24000G67170J
1674,24000G672104
1675,24000G67230Z
1676,24000G672707
1677,24000G672905
1678,24000G67310L
1679,24000G67330T
1680,24000G67350Q
1681,24000G673904
1682,24000G67410N
1683,24000G67430I
1684,24000G674520
1685,24000G674720
1686,24000G674910
1687,24000G675100
1688,24000G675300
1689,24000G675510
1690,24000G675710
1691,24000G675900
1692,24000G780108
1693,24000G780308
1694,24000G780705
1695,24000G781206
1696,24000G781605
1697,24000G783103
1698,24000G783203
1699,24000G783303
1700,24000G783403
1701,24000G783503
1702,24000G783602
1703,24000G783704
1704,24000G783802
1705,24000G783902
1706,24000G784001
1707,24000G784101
1708,24000G784201
1709,24000G784301
1710,24000G784400
1711,24000G784501
1712,24000G784600
1713,24000G785105
1714,24000G78520D
1715,24000G785307
1716,24000G785404
1717,24000G785606
1718,24000G785701
1719,24000G785801
1720,24000G785902
1721,24000G786002
1722,24000G786105
1723,24000G786206
1724,24000G786302
1725,24000G786402
1726,24000G786501
1727,24000G786601
1728,24000G786701
1729,24000G786801
1730,24000G787202
1731,24000G787310
1732,24000G787530
1733,24000G787730
1734,24000G787910
1735,24000G788001
1736,24000G880103
1737,24000G880704
1738,24000G880902
1739,24000G881104
1740,24000G881506
1741,24000G881706
1742,24000G88190C
1743,24000G88200C
1744,24000G882102
1745,24000G882305
1746,24000G882508
1747,24000G882706
1748,24000G882930
1749,24000G883101
1750,24000G883502
1751,24000G883720
1752,24000G88410B
1753,24000G884309
1754,24000G884508
1755,24000G884708
1756,24000G884909
1757,24000G885102
1758,24000G885510
1759,24000G885910
1760,24000G886300
1761,24000G887203
1762,24000G887803
1763,24000G89010A
1764,24000G890302
1765,24000G890710
1766,24000G891504
1767,24000G89170D
1768,24000G89230F
1769,24000G892706
1770,24000G892909
1771,24000G893103
1772,24000G893508
1773,24000G894120
1774,24000G894310
1775,24000G895109
1776,24000G989110
1777,24000G98974U
1778,24000G98991Z
1779,24000K102329
1780,24000K107146
1781,24000K11095A
1782,24000K111515
1783,24000K111520
1784,24000K117715
1785,24000K11891C
1786,24000K13011S
1787,24000K13030Y
1788,24000K14532A
1789,24000K16130P
1790,24000K178531
1791,24000K190143
1792,24000K254905
1793,24000K255908
1794,24000K767203
1795,24000K767304
1796,24000K767404
1797,24000K77010K
1798,24000K77070I
1799,24000K770905
1800,24000K77540U
1801,24000K77830L
1802,24000K77870H
1803,24000T560301
1804,24000T56870W
1805,2500000D5200
1806,2500000T580P
1807,250000C11602
1808,250000C13202
1809,250000C13601
1810,250000C24605
1811,250000C24820
1812,250000C25201
1813,250000C25403
1814,250000C25601
1815,250000C25800
1816,250000C26000
1817,250000G52300
1818,250000G67900
1819,250000G87300
1820,250000G90300
1821,250000G95600
1822,250000G96700
1823,250000G99500
1824,250000K2131U
1825,250000K25730
1826,250000K48912
1827,250000K8682E
1828,250000K8883B
1829,250000S90420
1830,250000S90506
1831,250000S90723
1832,250000S9082F
1833,250000S91206
1834,250000S9152O
1835,250000T2520X
1836,25000C20020W
1837,25000C20040L
1838,25000C20061B
1839,25000C20081I
1840,25000C20101F
1841,25000C20121N
1842,25000C20140R
1843,25000C201617
1844,25000C20180P
1845,25000C20200S
1846,25000C20220P
1847,25000C20241G
1848,25000C20260P
1849,25000C20280Y
1850,25000C20300K
1851,25000C20320Q
1852,25000C210212
1853,25000C210422
1854,25000C21060Z
1855,25000C210821
1856,25000C21120N
1857,25000C21140C
1858,25000C21160D
1859,25000C211809
1860,25000C212002
1861,25000C212206
1862,25000C212406
1863,25000C212606
1864,25000C21300F
1865,25000C213623
1866,25000C213800
1867,25000C22020Q
1868,25000C22040N
1869,25000C22060M
1870,25000C22080N
1871,25000C22100W
1872,25000C22120M
1873,25000C22140P
1874,25000C22160O
1875,25000C22200P
1876,25000C22220L
1877,25000C22240L
1878,25000C22260S
1879,25000C22300Z
1880,25000C223214
1881,25000C22340G
1882,25000C22360V
1883,25000C22400S
1884,25000C22420T
1885,25000C22440U
1886,25000C224804
1887,25000C225001
1888,25000C22520B
1889,25000C225602
1890,25000C225802
1891,25000C226003
1892,25000C226205
1893,25000C226403
1894,25000C226803
1895,25000C22720G
1896,25000C23020C
1897,25000C231107
1898,25000C231206
1899,25000C231306
1900,25000C231406
1901,25000C255206
1902,25000C255404
1903,25000C255605
1904,25000C255805
1905,25000C256004
1906,25000C256206
1907,25000C256404
1908,25000C256606
1909,25000C256805
1910,25000C257006
1911,25000C257206
1912,25000C257404
1913,25000C257605
1914,25000C257806
1915,25000C25800U
1916,25000C25820D
1917,25000C25840A
1918,25000C25860C
1919,25000C25880D
1920,25000C25900C
1921,25000C25920C
1922,25000C25940B
1923,25000C25960M
1924,25000C259807
1925,25000C260002
1926,25000C26020C
1927,25000C260404
1928,25000C26060Y
1929,25000C26080I
1930,25000C26100P
1931,25000C26121Y
1932,25000C26140K
1933,25000C26161K
1934,25000C26180Q
1935,25000C26200S
1936,25000C262207
1937,25000C262406
1938,25000C262605
1939,25000C262807
1940,25000C263007
1941,25000C263205
1942,25000C263404
1943,25000D667600
1944,25000G117900
1945,25000G120900
1946,25000G127907
1947,25000G135900
1948,25000G150100
1949,25000G17040V
1950,25000G17090Z
1951,25000G171111
1952,25000G17130D
1953,25000G173900
1954,25000G26080B
1955,25000G26090G
1956,25000G261901
1957,25000G356200
1958,25000G626903
1959,25000G62710H
1960,25000G62740L
1961,25000G627808
1962,25000G627905
1963,25000G628009
1964,25000G628106
1965,25000G62862H
1966,25000G62890G
1967,25000G62900O
1968,25000G62960F
1969,25000G629808
1970,25000G674600
1971,25000G674800
1972,25000G675000
1973,25000G675200
1974,25000G675400
1975,25000G675600
1976,25000G675800
1977,25000G676000
1978,25000G780901
1979,25000G782610
1980,25000G787000
1981,25000G787410
1982,25000G787610
1983,25000G787800
1984,25000G880203
1985,25000G880402
1986,25000G880602
1987,25000G880810
1988,25000G881001
1989,25000G882200
1990,25000G882404
1991,25000G882600
1992,25000G882803
1993,25000G883601
1994,25000G883801
1995,25000G88420A
1996,25000G884408
1997,25000G884608
1998,25000G884809
1999,25000G88500A
2000,25000G885202
2001,25000G885602
2002,25000G886101
2003,25000G886400
2004,25000G887402
2005,25000G887602
2006,25000G89020G
2007,25000G890800
2008,25000G891008
2009,25000G89120J
2010,25000G891403
2011,25000G89180C
2012,25000G89240H
2013,25000G89280D
2014,25000G893006
2015,25000G893206
2016,25000G893306
2017,25000G893404
2018,25000G894010
2019,25000G894200
2020,25000G895209
2021,25000G98922F
2022,25000G98982U
2023,25000G990016
2024,25000K162228
2025,25000K260206
2026,25000K77360C
2027,25000K77820G
2028,25000K77840L
2029,25000K77880H
2030,25000T560401
2031,25000T568811
2032,2600000C2004
2033,2600000C2204
2034,2600000C2400
2035,2600000C2805
2036,2600000C3010
2037,2600000D8905
2038,260000604313
2039,26000064230P
2040,26000064240I
2041,260000C12607
2042,260000C12809
2043,260000C1300B
2044,260000C80001
2045,260000K2331K
2046,260000K9381H
2047,260000S95202
2048,260000S95402
2049,260000S95602
2050,260000S95802
2051,260000S96001
2052,260000S96203
2053,260000S96405
2054,260000S96601
2055,26000D115303
2056,26000D16010F
2057,26000D16030P
2058,26000D16110M
2059,26000D16150Q
2060,26000D16210L
2061,26000D16230K
2062,26000D16250I
2063,26000D166109
2064,26000G109500
2065,26000G121100
2066,26000G121300
2067,26000G121900
2068,26000G12400T
2069,26000G12980J
2070,26000G280508
2071,26000G28070F
2072,26000G28110P
2073,26000G28150R
2074,26000G321506
2075,26000G36830A
2076,26000G62700D
2077,26000G62720Q
2078,26000G62760I
2079,26000G628202
2080,26000G62842J
2081,26000G62882B
2082,26000G62920L
2083,26000G62940C
2084,26000G67040Q
2085,26000G670503
2086,26000G67060W
2087,26000G67080F
2088,26000G67100Z
2089,26000G67120K
2090,26000G67140J
2091,26000G671609
2092,26000G67180G
2093,26000G672203
2094,26000G67240V
2095,26000G67260X
2096,26000G673002
2097,26000G67320S
2098,26000G67360V
2099,26000G673802
2100,26000G674003
2101,26000G67420O
2102,26000G780606
2103,26000G781406
2104,26000G781806
2105,26000G782207
2106,26000G782820
2107,26000G881201
2108,26000K12150X
2109,26000K126310
2110,26000K14560M
2111,26000K15266H
2112,26000K401506
2113,26000K52040E
2114,26000K770205
2115,26000K770301
2116,26000K77040D
2117,26000K77080F
2118,26000K77100J
2119,26000K772900
2120,26000K773102
2121,270000461609
2122,270000462719
2123,27000046281E
2124,27000046351G
2125,27000046361E
2126,270000464323
2127,270000464461
2128,270000604528
2129,270000816102
2130,270000816202
2131,270000816302
2132,270000816402
2133,270000816508
2134,27000081660D
2135,270000817137
2136,270000817204
2137,270000881732
2138,270000881813
2139,270000882114
2140,270000882214
2141,270000884505
2142,270000884905
2143,270000885005
2144,270000C14901
2145,270000C15201
2146,270000C15301
2147,270000C15501
2148,270000C15601
2149,270000C15801
2150,270000C15900
2151,270000C16001
2152,270000D27002
2153,270000D91820
2154,270000G38000
2155,270000G40700
2156,270000G60250
2157,270000G60420
2158,270000G60623
2159,270000G60842
2160,270000G61032
2161,270000G61230
2162,270000G61417
2163,270000G61641
2164,270000G61822
2165,270000G62011
2166,270000G62234
2167,270000G62423
2168,270000G62615
2169,270000G62843
2170,270000G69103
2171,270000G79200
2172,270000K23714
2173,270000K56609
2174,270000K60401
2175,270000K8660A
2176,270000K8842F
2177,270000K90310
2178,270000T19205
2179,270000Y45400
2180,270000Z1980B
2181,27000D103603
2182,27000D103803
2183,27000D104003
2184,27000D104802
2185,27000D112200
2186,27000D112604
2187,27000D112806
2188,27000D113005
2189,27000D113412
2190,27000D16340D
2191,27000D16422A
2192,27000D16460D
2193,27000D16500C
2194,27000D165410
2195,27000D166605
2196,27000D167006
2197,27000D171105
2198,27000D171706
2199,27000D190324
2200,27000D190902
2201,27000D25010F
2202,27000D25050E
2203,27000D25070C
2204,27000D250912
2205,27000D25190K
2206,27000D25212J
2207,27000D25230A
2208,27000D252517
2209,27000D25292E
2210,27000D253150
2211,27000D253706
2212,27000D254150
2213,27000D254300
2214,27000D256113
2215,27000D25630F
2216,27000D25650F
2217,27000D25691B
2218,27000D257111
2219,27000D257302
2220,27000D278505
2221,27000D279010
2222,27000D280402
2223,27000D281602
2224,27000D281801
2225,27000D282100
2226,27000D332103
2227,27000D334707
2228,27000D334922
2229,27000D335102
2230,27000D335302
2231,27000D335713
2232,27000D336300
2233,27000D336503
2234,27000D336902
2235,27000D337107
2236,27000D337305
2237,27000D337505
2238,27000D337901
2239,27000D338105
2240,27000D338303
2241,27000D338504
2242,27000D339300
2243,27000D530230
2244,27000D530430
2245,27000D530530
2246,27000D530830
2247,27000D53130F
2248,27000D531524
2249,27000D53190A
2250,27000D53212D
2251,27000D532242
2252,27000D532815
2253,27000D533008
2254,27000D533224
2255,27000D533492
2256,27000D533544
2257,27000D533902
2258,27000D534032
2259,27000D536441
2260,27000D536852
2261,27000D537220
2262,27000D537452
2263,27000D537641
2264,27000D537831
2265,27000D538001
2266,27000G186415
2267,27000G19541G
2268,27000G19580E
2269,27000G251002
2270,27000G251202
2271,27000G251401
2272,27000G260212
2273,27000G26060C
2274,27000G261009
2275,27000G262011
2276,27000G264010
2277,27000G312712
2278,27000G313110
2279,27000G313506
2280,27000G313901
2281,27000G314311
2282,27000G314706
2283,27000G320510
2284,27000G320908
2285,27000G384500
2286,27000K13980W
2287,27000K26650L
2288,27000K78086D
2289,27000K783515
2290,27000K783625
2291,27000Z920710
2292,27000Z920810
2293,28000046180C
2294,28000060551Q
2295,280000818700
2296,280000818800
2297,280000882309
2298,280000882416
2299,280000883306
2300,280000883414
2301,280000G46700
2302,280000G69502
2303,280000K37105
2304,280000K73105
2305,280000K8911S
2306,28000D112420
2307,28000D116201
2308,28000D116600
2309,28000D121001
2310,28000D121401
2311,28000D162902
2312,28000D190701
2313,28000D251102
2314,28000D251301
2315,28000D252700
2316,28000D256703
2317,28000D258113
2318,28000D258312
2319,28000D277301
2320,28000D338901
2321,28000D530100
2322,28000D530310
2323,28000D530702
2324,28000D536338
2325,28000D536722
2326,28000D536932
2327,28000D537120
2328,28000D537742
2329,28000G251641
2330,28000G252021
2331,28000G252221
2332,28000G252482
2333,28000G252651
2334,28000G252850
2335,28000G253010
2336,28000G253202
2337,28000G253404
2338,28000G253605
2339,28000G253805
2340,28000G254010
2341,28000G254206
2342,28000G254410
2343,28000G254611
2344,28000G254810
2345,28000G255010
2346,28000K209501
2347,28000K260421
2348,28000K78076B
2349,2b000D670204
2350,2b000D670410
2351,2b000D670604
2352,2b000D670804
2353,2b000D671003
2354,2b000D672003
2355,2d000G368103
2356,2d000G780204
2357,2d000G78040A
2358,2d000G780505
2359,2d000G780810
2360,2d000G890605
2361,2d000G893607
2362,2m0000S95102
2363,2m0000S95302
2364,2m0000S95502
2365,2m0000S95701
2366,2m0000S95901
2367,2m0000S96102
2368,2m0000S96305
2369,2m0000S96500
2370,32000K793007
2371,33000046520L
2372,33000046540P
2373,330000605612
2374,33000068510S
2375,33000068520S
2376,33000068530H
2377,33000068540I
2378,33000068560Q
2379,33000068580Q
2380,33000068590C
2381,330000C64507
2382,330000C64709
2383,330000C64903
2384,330000C65102
2385,330000C65302
2386,330000C65506
2387,330000C6570C
2388,330000C6590D
2389,330000C8350L
2390,330000C8370G
2391,330000D17704
2392,330000D31802
2393,330000G51401
2394,330000K1950U
2395,330000K31100
2396,330000K59840
2397,330000K6550Y
2398,330000K6912A
2399,330000K77110
2400,330000K8860D
2401,330000K8960Y
2402,330000K99402
2403,330000Z13902
2404,330000Z18440
2405,330000Z2670W
2406,330000Z28411
2407,330000Z3380Y
2408,330000Z3520F
2409,33000D10020A
2410,33000D102404
2411,33000D105202
2412,33000D107805
2413,33000D117500
2414,33000D117900
2415,33000D118300
2416,33000D118500
2417,33000D118900
2418,33000D119100
2419,33000D119500
2420,33000D119700
2421,33000D120300
2422,33000D162002
2423,33000D165802
2424,33000D200603
2425,33000D278007
2426,33000D278409
2427,33000D279203
2428,33000D279804
2429,33000D280202
2430,33000D281203
2431,33000D281402
2432,33000D282002
2433,33000D352300
2434,33000D675250
2435,33000D67540K
2436,33000D67560F
2437,33000D67580J
2438,33000D676140
2439,33000D676340
2440,33000D676540
2441,33000D676920
2442,33000D677120
2443,33000D677530
2444,33000D69630A
2445,33000D696401
2446,33000G236000
2447,33000G237800
2448,33000G245400
2449,33000G245808
2450,33000G246005
2451,33000G246205
2452,33000G246409
2453,33000G246607
2454,33000G24680A
2455,33000G247006
2456,33000G247205
2457,33000G24740C
2458,33000G247608
2459,33000G24780B
2460,33000G248205
2461,33000G248406
2462,33000G248604
2463,33000G249204
2464,33000G249408
2465,33000G249608
2466,33000G250200
2467,33000G250400
2468,33000G250600
2469,33000G250800
2470,33000G251800
2471,33000G257000
2472,33000G375202
2473,33000G376800
2474,33000G378005
2475,33000K111720
2476,33000K127834
2477,33000K13820Y
2478,33000K156611
2479,33000K181806
2480,33000K266202
2481,33000K79010P
2482,33000K79020P
2483,33000K79030M
2484,33000K79040M
2485,33000K79070G
2486,33000K79110W
2487,33000K791615
2488,33000K79200N
2489,33000K792909
2490,33000K79370B
2491,33000K793805
2492,34000K791811
2493,34000K79220N
2494,35000K79120W
2495,36000D109208
2496,36000D675101
2497,36000D675300
2498,36000D676720
2499,36000D677350
2500,3800000G8200
2501,3800000G8600
2502,3800000T4001
2503,38000060440H
2504,380000D14602
2505,380000D18901
2506,380000D22600
2507,380000D23200
2508,380000D29202
2509,380000D31706
2510,380000G37200
2511,380000G37600
2512,380000G41900
2513,380000G42300
2514,380000G5410E
2515,380000G54307
2516,380000G54560
2517,380000G55210
2518,380000G55401
2519,380000G55701
2520,380000G56710
2521,380000G64708
2522,380000G68202
2523,380000G68400
2524,380000K1540J
2525,380000K1770I
2526,380000K1800A
2527,380000K457D0
2528,380000T14401
2529,380000T1970R
2530,380000Y45510
2531,38000C275150
2532,38000C275201
2533,38000C275340
2534,38000C275450
2535,38000C275502
2536,38000C275602
2537,38000C275750
2538,38000C275803
2539,38000C275901
2540,38000C276040
2541,38000C276230
2542,38000C276502
2543,38000C276601
2544,38000C276720
2545,38000C276820
2546,38000C276920
2547,38000C277020
2548,38000C277120
2549,38000C277220
2550,38000C277301
2551,38000C277401
2552,38000C277530
2553,38000C277601
2554,38000C280150
2555,38000C280407
2556,38000C280507
2557,38000C280690
2558,38000C280908
2559,38000C281005
2560,38000C281705
2561,38000C282030
2562,38000C282350
2563,38000C282450
2564,38000C282906
2565,38000C28300A
2566,38000C287440
2567,38000C287540
2568,38000C287640
2569,38000C287730
2570,38000C287830
2571,38000C287901
2572,38000C288001
2573,38000C288101
2574,38000C288240
2575,38000C288540
2576,38000C288630
2577,38000C288702
2578,38000C288830
2579,38000C288930
2580,38000C289002
2581,38000C289202
2582,38000C289340
2583,38000C289630
2584,38000C290005
2585,38000C290102
2586,38000C290206
2587,38000C290308
2588,38000C290403
2589,38000C290508
2590,38000C290607
2591,38000C29070A
2592,38000C290807
2593,38000C290909
2594,38000C291005
2595,38000C292108
2596,38000C29220A
2597,38000C29230A
2598,38000C292408
2599,38000C292560
2600,38000C292670
2601,38000C292770
2602,38000C292880
2603,38000C292950
2604,38000C293007
2605,38000C295002
2606,38000C295106
2607,38000C295204
2608,38000C295304
2609,38000C295420
2610,38000C295501
2611,38000C295620
2612,38000C295700
2613,38000C295830
2614,38000C295901
2615,38000C29610F
2616,38000C296260
2617,38000C296370
2618,38000C296450
2619,38000C296570
2620,38000C296680
2621,38000C296780
2622,38000C296880
2623,38000C298107
2624,38000C298207
2625,38000C298305
2626,38000C298405
2627,38000C298505
2628,38000C298670
2629,38000C298760
2630,38000C298804
2631,38000C298940
2632,38000C299030
2633,38000C299107
2634,38000D277402
2635,38000D278320
2636,38000D278706
2637,38000D332202
2638,38000D334801
2639,38000D335204
2640,38000D335401
2641,38000D335808
2642,38000D336405
2643,38000D336804
2644,38000D337005
2645,38000D337405
2646,38000D337604
2647,38000D337801
2648,38000D338203
2649,38000D338402
2650,38000D338603
2651,38000D338804
2652,38000D339103
2653,38000D339400
2654,38000D785110
2655,38000D785202
2656,38000D785340
2657,38000D785610
2658,38000D785710
2659,38000D785920
2660,38000D786120
2661,38000D786320
2662,38000D786501
2663,38000D786602
2664,38000D786701
2665,38000D786801
2666,38000D786920
2667,38000D787010
2668,38000D787108
2669,38000D787540
2670,38000D787705
2671,38000D787810
2672,38000D787902
2673,38000D788106
2674,38000D788330
2675,38000D788410
2676,38000D788550
2677,38000D788620
2678,38000D788708
2679,38000D788802
2680,38000D788902
2681,38000D789002
2682,38000D789160
2683,38000D789410
2684,38000D789802
2685,38000G105605
2686,38000G116320
2687,38000G118910
2688,38000G119104
2689,38000G12640G
2690,38000G128640
2691,38000G131702
2692,38000G147900
2693,38000G15350H
2694,38000G15370K
2695,38000G155701
2696,38000G156108
2697,38000G156809
2698,38000G157205
2699,38000G158500
2700,38000G176305
2701,38000G18010C
2702,38000G18080B
2703,38000G18130B
2704,38000G185208
2705,38000G18680N
2706,38000G18720E
2707,38000G188904
2708,38000G19050E
2709,38000G194704
2710,38000G195902
2711,38000G196109
2712,38000G196308
2713,38000G196508
2714,38000G196701
2715,38000G198804
2716,38000G19910F
2717,38000G201210
2718,38000G201601
2719,38000G202003
2720,38000G20210D
2721,38000G20230E
2722,38000G203001
2723,38000G203107
2724,38000G203402
2725,38000G20450E
2726,38000G205003
2727,38000G20700D
2728,38000G20740A
2729,38000G208500
2730,38000G209110
2731,38000G209801
2732,38000G211100
2733,38000G215602
2734,38000G22010C
2735,38000G22030G
2736,38000G22130B
2737,38000G22170C
2738,38000G222001
2739,38000G225400
2740,38000G225506
2741,38000G237903
2742,38000G239101
2743,38000G239600
2744,38000G240102
2745,38000G261408
2746,38000G261804
2747,38000G269305
2748,38000G302901
2749,38000G310106
2750,38000G31050A
2751,38000G310907
2752,38000G311703
2753,38000G319109
2754,38000G320305
2755,38000G321330
2756,38000G321905
2757,38000G323504
2758,38000G325105
2759,38000G328209
2760,38000G340303
2761,38000G34050D
2762,38000G340903
2763,38000G341104
2764,38000G341910
2765,38000G342104
2766,38000G344610
2767,38000G347504
2768,38000G347702
2769,38000G385800
2770,38000G387100
2771,38000G66020B
2772,38000G660340
2773,38000G660420
2774,38000G660502
2775,38000G660606
2776,38000G660907
2777,38000G661530
2778,38000G662403
2779,38000G663105
2780,38000G663306
2781,38000G663504
2782,38000G663604
2783,38000G663705
2784,38000G663804
2785,38000G663960
2786,38000G664707
2787,38000G664809
2788,38000G664909
2789,38000G665007
2790,38000G665106
2791,38000G665208
2792,38000G665307
2793,38000G665770
2794,38000G665906
2795,38000G666004
2796,38000G666803
2797,38000G666906
2798,38000G667004
2799,38000G66710D
2800,38000G66720C
2801,38000G66730D
2802,38000G66750C
2803,38000G667603
2804,38000G667703
2805,38000G667804
2806,38000G667902
2807,38000G668002
2808,38000G66810L
2809,38000G668204
2810,38000G66830J
2811,38000G668404
2812,38000G668580
2813,38000G668640
2814,38000G668770
2815,38000G668920
2816,38000G669150
2817,38000G669210
2818,38000G66930A
2819,38000G66950P
2820,38000G669603
2821,38000G66970J
2822,38000G669804
2823,38000G66990L
2824,38000G790120
2825,38000G790320
2826,38000G790502
2827,38000G790601
2828,38000G790750
2829,38000G790810
2830,38000G790904
2831,38000G791104
2832,38000G79130A
2833,38000G791730
2834,38000G791801
2835,38000G791902
2836,38000G792105
2837,38000G79250A
2838,38000G79270G
2839,38000G792803
2840,38000G79290E
2841,38000G79310D
2842,38000G793205
2843,38000G793330
2844,38000G793901
2845,38000G794303
2846,38000G794506
2847,38000G794603
2848,38000G794904
2849,38000G795301
2850,38000G797000
2851,38000G797150
2852,38000G797704
2853,38000G797802
2854,38000G798360
2855,38000G798570
2856,38000G799506
2857,38000G799604
2858,38000G799706
2859,38000G799902
2860,38000K110100
2861,38000K11490A
2862,38000K159608
2863,38000K215601
2864,38000K227507
2865,38000K800101
2866,38000K800209
2867,38000T666500
2868,3900000D2301
2869,3900000D3100
2870,3900000D3802
2871,3900000D4500
2872,3900000T950A
2873,390000585202
2874,390000585602
2875,390000585802
2876,390000586002
2877,390000586102
2878,390000586202
2879,390000586602
2880,390000586802
2881,390000587002
2882,39000060250D
2883,390000832305
2884,390000832402
2885,390000833105
2886,390000833206
2887,390000D10500
2888,390000D3610C
2889,390000D6290H
2890,390000D63102
2891,390000G46200
2892,390000G5120C
2893,390000G51620
2894,390000G53320
2895,390000G5920Q
2896,390000G59604
2897,390000G67800
2898,390000K14601
2899,390000K4350V
2900,390000K4620N
2901,390000K7520R
2902,390000K8220J
2903,390000K85206
2904,390000K92600
2905,390000Z2920J
2906,39000C550650
2907,39000C551407
2908,39000C55220H
2909,39000C560102
2910,39000C56220J
2911,39000C562604
2912,39000C562702
2913,39000C563210
2914,39000C565002
2915,39000D21980E
2916,39000D22590P
2917,39000D227704
2918,39000D249801
2919,39000D30120S
2920,39000D30160N
2921,39000D30240L
2922,39000D30480O
2923,39000D30620U
2924,39000D30660O
2925,39000D31540B
2926,39000D32860E
2927,39000D520106
2928,39000D52020F
2929,39000D520407
2930,39000D520706
2931,39000D520808
2932,39000D522120
2933,39000D522420
2934,39000D522620
2935,39000D522920
2936,39000D52310B
2937,39000D523310
2938,39000D524002
2939,39000D574204
2940,39000D574606
2941,39000D575009
2942,39000D575803
2943,39000D576202
2944,39000D57640D
2945,39000D576602
2946,39000D57680A
2947,39000D577406
2948,39000D577803
2949,39000D57820A
2950,39000D578606
2951,39000D57920B
2952,39000D58010U
2953,39000D58030E
2954,39000D580503
2955,39000D580703
2956,39000D580901
2957,39000D581104
2958,39000D581310
2959,39000D585206
2960,39000D585320
2961,39000D585404
2962,39000D585620
2963,39000D585840
2964,39000D585910
2965,39000D586240
2966,39000D587206
2967,39000D588405
2968,39000D588605
2969,39000D588810
2970,39000D59410B
2971,39000D59430H
2972,39000D594509
2973,39000D594908
2974,39000D595105
2975,39000D59550T
2976,39000D59570D
2977,39000D596308
2978,39000D59710A
2979,39000D59790A
2980,39000D598507
2981,39000D59870K
2982,39000D598909
2983,39000D59910E
2984,39000D59930K
2985,39000D599504
2986,39000D599903
2987,39000D70020E
2988,39000D700807
2989,39000D702003
2990,39000D70590C
2991,39000G10200A
2992,39000G17150F
2993,39000G17300E
2994,39000G179306
2995,39000G210403
2996,39000G236800
2997,39000G241202
2998,39000G320106
2999,39000G323303
3000,39000G324000
3001,39000G324405
3002,39000G326406
3003,39000G332002
3004,39000G345106
3005,39000G345302
3006,39000G345507
3007,39000G345706
3008,39000G34630B
3009,39000G347106
3010,39000G348104
3011,39000G348404
3012,39000G382100
3013,39000G678307
3014,39000G678504
3015,39000G678707
3016,39000G67890B
3017,39000G679301
3018,39000G679510
3019,39000G679901
3020,39000G68010D
3021,39000G680306
3022,39000G68050L
3023,39000G680705
3024,39000G680909
3025,39000G681310
3026,39000G68150A
3027,39000G68170A
3028,39000G68210E
3029,39000G682709
3030,39000G683502
3031,39000G683706
3032,39000G683909
3033,39000G68470G
3034,39000G68510B
3035,39000G685800
3036,39000G686120
3037,39000G686705
3038,39000G686906
3039,39000G687305
3040,39000G687705
3041,39000G688930
3042,39000G689502
3043,39000G689740
3044,39000G689910
3045,39000K10470M
3046,39000K10680J
3047,39000K10790L
3048,39000K14400B
3049,39000K16240C
3050,39000K18030J
3051,39000K805401
3052,39000K80560S
3053,39000K806640
3054,39000K80880B
3055,3b0000G37400
3056,3b0000G37800
3057,3b0000G56202
3058,3b000G118803
3059,3b000G18120B
3060,3b000G283102
3061,3b000G311605
3062,3b000G668840
3063,3b000G669030
3064,3b000G791204
3065,3b000G792400
3066,3b000G792604
3067,3b000G793001
3068,3b000G793410
3069,3b000G794405
3070,3b000G794805
3071,3b000G795405
3072,3b000G795801
3073,3b000G800001
3074,3c000D102200
3075,3c000D106000
3076,3c000D106200
3077,3c000D676200
3078,3c000D676400
3079,3c000D676600
3080,3c000D676800
3081,3c000D677000
3082,3c000D677200
3083,3c000D677400
3084,3c000D677600
3085,3d00000K9004
3086,3d0000686006
3087,3d0000C64608
3088,3d0000C64807
3089,3d0000C65001
3090,3d0000C65210
3091,3d0000C65402
3092,3d0000C6560A
3093,3d0000C6580F
3094,3d0000C66006
3095,3d0000C8360H
3096,3d0000C8380H
3097,3d0000D17905
3098,3d000K79080I
3099,3h0000G34200
3100,3h000G686500
3101,3n000K820302
3102,4000000K320P
3103,40000047060R
3104,40000047080H
3105,400000G57004
3106,400000G57202
3107,400000K16809
3108,400000K2700A
3109,400000K3302N
3110,400000K5380O
3111,400000K7360P
3112,400000K7580O
3113,40000G115104
3114,40000G182401
3115,40000G330201
3116,40000G665402
3117,40000G667402
3118,40000G669440
3119,40000G670001
3120,40000G790220
3121,40000G790404
3122,40000G791403
3123,40000G791601
3124,40000G792010
3125,40000G792207
3126,40000G794001
3127,40000G794204
3128,40000G795201
3129,40000G795606
3130,40000G798250
3131,40000G798460
3132,40000G798804
3133,40000G799805
3134,40000K11080L
3135,40000T666600
3136,4100000D2002
3137,4100000D4200
3138,4100000D4404
3139,4100000D9402
3140,4100000K6010
3141,4100000K6029
3142,4100000K842B
3143,4100000T560X
3144,4100000Z6501
3145,41000060460D
3146,41000060631A
3147,41000060720T
3148,41000070012H
3149,41000070031E
3150,410000700629
3151,41000070070V
3152,41000070080Z
3153,41000083510N
3154,41000083530Q
3155,41000083590K
3156,41000083620K
3157,41000083750X
3158,410000C1400R
3159,410000C1630C
3160,410000C16409
3161,410000C1650E
3162,410000C16608
3163,410000C16706
3164,410000C16807
3165,410000C17302
3166,410000C17403
3167,410000C17707
3168,410000C17804
3169,410000C1790Z
3170,410000C1800Y
3171,410000C18208
3172,410000C18304
3173,410000C1900O
3174,410000C19607
3175,410000C1980D
3176,410000C2000I
3177,410000C2020E
3178,410000C22210
3179,410000C23120
3180,410000C23210
3181,410000C23808
3182,410000C24203
3183,410000C3790U
3184,410000C3800U
3185,410000D12401
3186,410000D12803
3187,410000D16801
3188,410000D17804
3189,410000D18003
3190,410000D22003
3191,410000G65401
3192,410000G65801
3193,410000G66201
3194,410000K1263B
3195,410000K14802
3196,410000K2141A
3197,410000K24200
3198,410000K44800
3199,410000K46820
3200,410000K52009
3201,410000K5200A
3202,410000K6100O
3203,410000K79201
3204,410000T2320K
3205,410000T2690L
3206,410000Y20710
3207,410000Z25901
3208,41000C893100
3209,41000D685704
3210,41000G396200
3211,41000G396600
3212,41000G396800
3213,41000G398200
3214,41000G398600
3215,41000K113227
3216,41000K113228
3217,41000K13500Z
3218,41000K15740E
3219,41000K20461F
3220,41000K290813
3221,41000K816210
3222,41000K81700O
3223,41000K82040B
3224,41000K820505
3225,4200000T500I
3226,420000G34600
3227,420000G53000
3228,420000K12423
3229,420000K47403
3230,420000K6440T
3231,420000K92103
3232,420000K9310L
3233,420000T37807
3234,42000D249404
3235,42000D30080X
3236,42000D315805
3237,42000D32580J
3238,42000D574404
3239,42000D574805
3240,42000D575206
3241,42000D577605
3242,42000D578407
3243,42000D578806
3244,42000D58020Q
3245,42000D58040U
3246,42000D580603
3247,42000D58080A
3248,42000D581003
3249,42000D581208
3250,42000D58200K
3251,42000D58340M
3252,42000D58380S
3253,42000D584830
3254,42000D586000
3255,42000D59420A
3256,42000D59440X
3257,42000D59460C
3258,42000D59500B
3259,42000D595206
3260,42000D59560B
3261,42000D59580G
3262,42000D59620D
3263,42000D596404
3264,42000D59720A
3265,42000D59740D
3266,42000D598006
3267,42000D598608
3268,42000D59880M
3269,42000D59900C
3270,42000D59920G
3271,42000D59940L
3272,42000G10340K
3273,42000G113805
3274,42000G114208
3275,42000G115820
3276,42000G199002
3277,42000G199608
3278,42000G203240
3279,42000G238604
3280,42000G266400
3281,42000G344900
3282,42000G677200
3283,42000G677601
3284,42000G678205
3285,42000G678403
3286,42000G678603
3287,42000G678801
3288,42000G679009
3289,42000K112850
3290,42000K16580N
3291,42000K80510B
3292,42000K80520G
3293,42000K805710
3294,42000K805860
3295,42000K805901
3296,42000K806003
3297,42000K806890
3298,42000K80900B
3299,430000606516
3300,43000083610U
3301,430000C1420R
3302,430000C18800
3303,430000C1920O
3304,430000C2240A
3305,430000C24003
3306,430000C24400
3307,430000G68604
3308,430000K26230
3309,430000K6080C
3310,430000K6080D
3311,430000K76800
3312,430000K7682N
3313,43000C894200
3314,43000C894600
3315,43000D68520Q
3316,43000D68580G
3317,43000D68600H
3318,43000D68640V
3319,43000D686620
3320,43000D68700N
3321,43000D68720P
3322,43000D68740P
3323,43000D68800C
3324,43000D689105
3325,43000K820704
3326,43000K82210Q
3327,43000K82220R
3328,43000K82230T
3329,43000K822406
3330,4700000D6100
3331,4700000G7800
3332,4700000K150K
3333,470000500507
3334,470000500607
3335,47000050070C
3336,47000050080E
3337,47000050360R
3338,47000050480H
3339,47000070540A
3340,470000C14307
3341,470000C66200
3342,470000C66501
3343,470000C66910
3344,470000C67000
3345,470000C6760C
3346,470000C67800
3347,470000C9700H
3348,470000D20302
3349,470000D21101
3350,470000G41800
3351,470000G57301
3352,470000G64401
3353,470000G73900
3354,470000G93600
3355,470000G96200
3356,470000T1790H
3357,470000Y73301
3358,470000Z1050G
3359,470000Z1600A
3360,470000Z6020C
3361,47000C423105
3362,47000C423205
3363,47000D161802
3364,47000D163002
3365,47000D210522
3366,47000D212900
3367,47000D285700
3368,47000D286100
3369,47000D60010P
3370,47000D60050J
3371,47000D601601
3372,47000D60180D
3373,47000D602209
3374,47000D6025A3
3375,47000D603421
3376,47000D604101
3377,47000D604201
3378,47000D604301
3379,47000D604401
3380,47000D604501
3381,47000D604601
3382,47000D604701
3383,47000D604801
3384,47000D606204
3385,47000D607140
3386,47000D607920
3387,47000D609008
3388,47000D815111
3389,47000D817821
3390,47000D818502
3391,47000D819401
3392,47000G104600
3393,47000G105701
3394,47000G108205
3395,47000G109700
3396,47000G119604
3397,47000G124491
3398,47000G125000
3399,47000G126000
3400,47000G127000
3401,47000G133900
3402,47000G170801
3403,47000G172100
3404,47000G173408
3405,47000G184202
3406,47000G200601
3407,47000G263609
3408,47000G264905
3409,47000G266003
3410,47000G266604
3411,47000G330101
3412,47000G330501
3413,47000G330701
3414,47000G331601
3415,47000G335700
3416,47000G34160H
3417,47000G344801
3418,47000G364600
3419,47000G378502
3420,47000G382000
3421,47000G528101
3422,47000G528207
3423,47000G528320
3424,47000G528703
3425,47000G528804
3426,47000G529000
3427,47000G529406
3428,47000G532606
3429,47000G532902
3430,47000G533003
3431,47000G536205
3432,47000G536401
3433,47000G537610
3434,47000G547104
3435,47000G547300
3436,47000G547503
3437,47000G547702
3438,47000G549110
3439,47000G549300
3440,47000G552201
3441,47000G552402
3442,47000G552606
3443,47000G552810
3444,47000G553107
3445,47000G553200
3446,47000G554405
3447,47000G554805
3448,47000G555000
3449,47000G555404
3450,47000G55550N
3451,47000G55570H
3452,47000G555902
3453,47000G556102
3454,47000G556205
3455,47000G556600
3456,47000G55720A
3457,47000G557620
3458,47000G557702
3459,47000G557903
3460,47000G558230
3461,47000G559000
3462,47000G559400
3463,47000G559805
3464,47000G559902
3465,47000G69050D
3466,47000G691101
3467,47000G691905
3468,47000G692702
3469,47000G693404
3470,47000G694403
3471,47000G694507
3472,47000G695307
3473,47000G699107
3474,47000G699502
3475,47000G92150S
3476,47000G921606
3477,47000G93250U
3478,47000G93260L
3479,47000G934308
3480,47000K12840O
3481,47000K14500K
3482,47000K19020N
3483,47000K215800
3484,47000K401606
3485,47000K55190H
3486,47000K55200H
3487,47000K825108
3488,47000K82520A
3489,47000K825301
3490,47000K825401
3491,47000K825605
3492,47000K825808
3493,47000K827209
3494,47000K827809
3495,47000K82820R
3496,47000K82910E
3497,47000K833102
3498,47000K833603
3499,47000T736600
3500,47000T736700
3501,480000G58022
3502,480000K16109
3503,480000K30102
3504,480000K49406
3505,480000K52203
3506,480000K6140N
3507,480000K6770C
3508,48000C325130
3509,48000C325500
3510,48000C379306
3511,48000C379500
3512,48000D213000
3513,48000D542510
3514,48000D542900
3515,48000D543301
3516,48000D543700
3517,48000D544500
3518,48000D544900
3519,48000D547900
3520,48000D548702
3521,48000D566504
3522,48000G131408
3523,48000G154902
3524,48000G258002
3525,48000G314832
3526,48000G332702
3527,48000G731520
3528,48000G746121
3529,48000G752320
3530,48000G753922
3531,48000G758301
3532,48000G758531
3533,48000G779412
3534,48000G825104
3535,48000G825302
3536,48000G825510
3537,48000G825703
3538,48000G826542
3539,48000G828101
3540,48000G828520
3541,48000G831203
3542,48000G835110
3543,48000G835303
3544,48000G836501
3545,48000G839211
3546,48000K161420
3547,48000K162632
3548,48000K583750
3549,48000K835441
3550,48000K837322
3551,48000K837400
3552,48000K84140F
3553,4900000D2600
3554,4900000G7000
3555,4900000G7200
3556,4900000G7401
3557,49000050380P
3558,49000050460C
3559,490000705309
3560,490000C14603
3561,490000C66420
3562,490000D18102
3563,490000D29104
3564,490000G41300
3565,490000G52400
3566,490000G68700
3567,490000G82800
3568,490000G88001
3569,490000G88201
3570,490000G88400
3571,490000G89200
3572,490000G89400
3573,490000G94400
3574,490000G95000
3575,490000G95400
3576,490000G97800
3577,490000G98800
3578,490000G99400
3579,490000K2860S
3580,490000K4120R
3581,490000K7020V
3582,490000K8780S
3583,490000K8820L
3584,490000K9560L
3585,490000K9700P
3586,490000T3960L
3587,490000Y73801
3588,490000Z1700C
3589,490000Z2720H
3590,490000Z31803
3591,490000Z3500A
3592,490000Z35602
3593,49000C645102
3594,49000C645203
3595,49000C649210
3596,49000C649301
3597,49000C649601
3598,49000C649810
3599,49000C650620
3600,49000C651010
3601,49000C65120E
3602,49000C652103
3603,49000C65220G
3604,49000C652701
3605,49000C652840
3606,49000C653204
3607,49000C653405
3608,49000C653603
3609,49000C653802
3610,49000C654209
3611,49000C654440
3612,49000C654605
3613,49000C654810
3614,49000C654930
3615,49000C655210
3616,49000C655510
3617,49000C65560Q
3618,49000C65620A
3619,49000C656606
3620,49000C65680D
3621,49000C657210
3622,49000C657407
3623,49000C657630
3624,49000C657921
3625,49000C658209
3626,49000C658404
3627,49000C658609
3628,49000C658821
3629,49000C65960M
3630,49000C65980S
3631,49000D16120B
3632,49000D16160H
3633,49000D162211
3634,49000D16240C
3635,49000D16260E
3636,49000D163207
3637,49000D16360J
3638,49000D164009
3639,49000D16480F
3640,49000D165211
3641,49000D165602
3642,49000D167406
3643,49000D167811
3644,49000D212807
3645,49000D213407
3646,49000D213809
3647,49000D214503
3648,49000D215011
3649,49000D215421
3650,49000D216400
3651,49000D285300
3652,49000D286502
3653,49000D28720B
3654,49000D28760B
3655,49000D289507
3656,49000D290503
3657,49000D291102
3658,49000D291606
3659,49000D29210A
3660,49000D292611
3661,49000D293020
3662,49000D318704
3663,49000D60020J
3664,49000D60060P
3665,49000D60080V
3666,49000D60100C
3667,49000D601241
3668,49000D601301
3669,49000D60200I
3670,49000D6026C5
3671,49000D602901
3672,49000D603002
3673,49000D603630
3674,49000D60540P
3675,49000D60560C
3676,49000D606002
3677,49000D60720P
3678,49000D608807
3679,49000D60930E
3680,49000D609409
3681,49000D815211
3682,49000D815410
3683,49000D815604
3684,49000D815910
3685,49000D816207
3686,49000D816403
3687,49000D816602
3688,49000D817205
3689,49000D817405
3690,49000D817621
3691,49000D818620
3692,49000D819203
3693,49000G106207
3694,49000G106431
3695,49000G106803
3696,49000G107006
3697,49000G107208
3698,49000G107405
3699,49000G107605
3700,49000G107806
3701,49000G108004
3702,49000G10840A
3703,49000G108609
3704,49000G108811
3705,49000G109011
3706,49000G109209
3707,49000G109409
3708,49000G12080L
3709,49000G12480T
3710,49000G12680K
3711,49000G132603
3712,49000G155207
3713,49000G183304
3714,49000G18380L
3715,49000G18460L
3716,49000G185030
3717,49000G185109
3718,49000G185506
3719,49000G199807
3720,49000G201004
3721,49000G201401
3722,49000G201805
3723,49000G202901
3724,49000G203302
3725,49000G205410
3726,49000G206205
3727,49000G20720D
3728,49000G20760A
3729,49000G208003
3730,49000G20840H
3731,49000G20900N
3732,49000G20940I
3733,49000G209700
3734,49000G210211
3735,49000G214804
3736,49000G215810
3737,49000G222202
3738,49000G225905
3739,49000G26540C
3740,49000G267008
3741,49000G268408
3742,49000G300400
3743,49000G300800
3744,49000G301200
3745,49000G317002
3746,49000G321400
3747,49000G322402
3748,49000G32260F
3749,49000G330901
3750,49000G336600
3751,49000G342810
3752,49000G349031
3753,49000G356602
3754,49000G357402
3755,49000G361600
3756,49000G386000
3757,49000G528500
3758,49000G528601
3759,49000G529220
3760,49000G529601
3761,49000G529810
3762,49000G530011
3763,49000G533100
3764,49000G533220
3765,49000G536106
3766,49000G536311
3767,49000G537200
3768,49000G537801
3769,49000G547202
3770,49000G547402
3771,49000G547605
3772,49000G548010
3773,49000G549203
3774,49000G553602
3775,49000G554203
3776,49000G555206
3777,49000G556401
3778,49000G556811
3779,49000G55710B
3780,49000G55730C
3781,49000G557401
3782,49000G557551
3783,49000G55880H
3784,49000G55920A
3785,49000G559605
3786,49000G690206
3787,49000G69040D
3788,49000G691050
3789,49000G691604
3790,49000G692006
3791,49000G692203
3792,49000G69260B
3793,49000G693010
3794,49000G69320I
3795,49000G693808
3796,49000G694611
3797,49000G694906
3798,49000G695002
3799,49000G695507
3800,49000G695606
3801,49000G696011
3802,49000G696221
3803,49000G697006
3804,49000G69750D
3805,49000G69760A
3806,49000G698442
3807,49000G698811
3808,49000G698911
3809,49000G699010
3810,49000G699207
3811,49000G699621
3812,49000K10520M
3813,49000K105410
3814,49000K106609
3815,49000K11300M
3816,49000K113642
3817,49000K11620X
3818,49000K12160J
3819,49000K139215
3820,49000K159807
3821,49000K17860D
3822,49000K82620N
3823,49000K826506
3824,49000K826604
3825,49000K826703
3826,49000K826805
3827,49000K82740J
3828,49000K827609
3829,49000K828403
3830,49000K82920F
3831,49000K833401
3832,49000K833802
3833,49000K833901
3834,49000K834001
3835,49000K834101
3836,49000K834201
3837,4a0000700529
3838,4a0000C1810F
3839,4a0000C18720
3840,4a0000C1950D
3841,4a0000C1990F
3842,4a0000C2010A
3843,4a0000G35900
3844,4a0000G36300
3845,4a0000K55900
3846,4a000C890100
3847,4a000C890300
3848,4a000C890500
3849,4a000C890701
3850,4a000C890900
3851,4a000C891101
3852,4a000C891303
3853,4a000C891700
3854,4a000C891901
3855,4a000C894100
3856,4a000C894300
3857,4a000C894501
3858,4a000C894700
3859,4a000G210900
3860,4a000G217100
3861,4a000G219300
3862,4a000G334900
3863,4a000G335100
3864,4a000G335301
3865,4a000G335902
3866,4a000G336100
3867,4a000G336301
3868,4a000K816124
3869,4a000K81690Q
3870,4d0000K4020H
3871,4d000K10060N
3872,4d000K15050O
3873,4e0000D3660T
3874,4e0000D61809
3875,4e0000G34000
3876,4e0000G34402
3877,4e0000G34800
3878,4e0000G35000
3879,4e0000G38700
3880,4e0000G38900
3881,4e0000G39100
3882,4e0000G39300
3883,4e0000G39500
3884,4e0000G39700
3885,4e0000G39900
3886,4e0000G40100
3887,4e0000G45400
3888,4e0000G45800
3889,4e0000G52203
3890,4e0000G5260E
3891,4e0000G57400
3892,4e0000G57807
3893,4e0000G69000
3894,4e0000G6920C
3895,4e0000G8520F
3896,4e0000G8560Q
3897,4e000C550550
3898,4e000C55210I
3899,4e000C562504
3900,4e000C56310B
3901,4e000D211103
3902,4e000D217906
3903,4e000D218105
3904,4e000D289110
3905,4e000D308904
3906,4e000D326303
3907,4e000D32650M
3908,4e000D32770B
3909,4e000D328106
3910,4e000D32890D
3911,4e000D581805
3912,4e000D583601
3913,4e000D584610
3914,4e000D586110
3915,4e000D700107
3916,4e000D70030E
3917,4e000D700506
3918,4e000D700708
3919,4e000D701904
3920,4e000G10010O
3921,4e000G10030Q
3922,4e000G100511
3923,4e000G10070P
3924,4e000G10090S
3925,4e000G110313
3926,4e000G110500
3927,4e000G110730
3928,4e000G11090K
3929,4e000G111340
3930,4e000G111500
3931,4e000G111730
3932,4e000G117506
3933,4e000G118000
3934,4e000G12780L
3935,4e000G141300
3936,4e000G142900
3937,4e000G143503
3938,4e000G144503
3939,4e000G144900
3940,4e000G152120
3941,4e000G152508
3942,4e000G16470D
3943,4e000G179206
3944,4e000G20350I
3945,4e000G20820F
3946,4e000G228509
3947,4e000G228800
3948,4e000G22930J
3949,4e000G235104
3950,4e000G242102
3951,4e000G26260I
3952,4e000G270306
3953,4e000G27050C
3954,4e000G27070A
3955,4e000G270910
3956,4e000G271109
3957,4e000G281703
3958,4e000G301000
3959,4e000G309505
3960,4e000G312304
3961,4e000G322001
3962,4e000G324803
3963,4e000G327104
3964,4e000G330601
3965,4e000G48630I
3966,4f00000G9200
3967,4f00000G9600
3968,4f0000G36600
3969,4f0000G36800
3970,4f0000G37001
3971,4f0000G41200
3972,4f0000G6520I
3973,4f0000G6600Q
3974,4f0000G6640Q
3975,4f0000G83607
3976,4f0000G84001
3977,4f0000G84406
3978,4f0000G85815
3979,4f0000G8620P
3980,4f0000G8700N
3981,4f0000G91600
3982,4f000C890202
3983,4f000C890401
3984,4f000C890600
3985,4f000C891000
3986,4f000C891201
3987,4f000C891401
3988,4f000C892000
3989,4f000C892401
3990,4f000C893200
3991,4f000D104402
3992,4f000D117700
3993,4f000D163802
3994,4f000D16760B
3995,4f000D17050H
3996,4f000D19130G
3997,4f000D19150F
3998,4f000D19170C
3999,4f000D19210K
4000,4f000D19230H
4001,4f000D19250L
4002,4f000D19270G
4003,4f000D19310K
4004,4f000D19350F
4005,4f000D19370E
4006,4f000D19390G
4007,4f000D19470J
4008,4f000D19490K
4009,4f000D195303
4010,4f000D196704
4011,4f000D197305
4012,4f000D197505
4013,4f000D197704
4014,4f000D19790J
4015,4f000D19870H
4016,4f000D19910K
4017,4f000D25020M
4018,4f000D25040M
4019,4f000D25060N
4020,4f000D25100N
4021,4f000D25120M
4022,4f000D25160K
4023,4f000D25180L
4024,4f000D25200N
4025,4f000D25280P
4026,4f000D25340H
4027,4f000D25360K
4028,4f000D25380E
4029,4f000D25400G
4030,4f000D25420P
4031,4f000D254400
4032,4f000D256204
4033,4f000D263105
4034,4f000D263305
4035,4f000D263505
4036,4f000D263703
4037,4f000D263901
4038,4f000D264100
4039,4f000D264503
4040,4f000D264707
4041,4f000D264908
4042,4f000D26510I
4043,4f000D26530E
4044,4f000D26570C
4045,4f000D26590C
4046,4f000D26610E
4047,4f000D26650L
4048,4f000D26710K
4049,4f000D26750C
4050,4f000D26810B
4051,4f000D26850J
4052,4f000D26870N
4053,4f000D26890K
4054,4f000D26910B
4055,4f000D26930K
4056,4f000D26950E
4057,4f000D26970I
4058,4f000D27010J
4059,4f000D271706
4060,4f000D27190C
4061,4f000D27210D
4062,4f000D27230A
4063,4f000D272505
4064,4f000D272705
4065,4f000D273104
4066,4f000D27350C
4067,4f000D27370E
4068,4f000D280003
4069,4f000D281002
4070,4f000D282802
4071,4f000D350906
4072,4f000D351306
4073,4f000D351708
4074,4f000D352507
4075,4f000D352908
4076,4f000D35370A
4077,4f000D354505
4078,4f000D354908
4079,4f000D355303
4080,4f000D358506
4081,4f000D358906
4082,4f000D359107
4083,4f000D359507
4084,4f000D367106
4085,4f000D368107
4086,4f000D368510
4087,4f000D368907
4088,4f000D369706
4089,4f000D680110
4090,4f000D680324
4091,4f000D68151M
4092,4f000D681710
4093,4f000D68191J
4094,4f000D68210Q
4095,4f000D68550P
4096,4f000D68630Q
4097,4f000D68650W
4098,4f000D68690X
4099,4f000D68730M
4100,4f000D68790J
4101,4f000G12940P
4102,4f000G17120D
4103,4f000G18440R
4104,4f000G18560Q
4105,4f000G18800J
4106,4f000G18840K
4107,4f000G18960P
4108,4f000G19000N
4109,4f000G19140K
4110,4f000G19180R
4111,4f000G19220P
4112,4f000G19420N
4113,4f000G20080O
4114,4f000G202805
4115,4f000G20520D
4116,4f000G206405
4117,4f000G222602
4118,4f000G223004
4119,4f000G223308
4120,4f000G223805
4121,4f000G223903
4122,4f000G224109
4123,4f000G22980H
4124,4f000G23900H
4125,4f000G245602
4126,4f000G28510C
4127,4f000G31540D
4128,4f000G315830
4129,4f000G31620F
4130,4f000G31980B
4131,4f000G327806
4132,4f000G330801
4133,4f000G343304
4134,4f000G343701
4135,4f000G373906
4136,4f000G376302
4137,4f000G387900
4138,4f000G398800
4139,4g0000G6720Q
4140,4g000D253204
4141,4g000D25640I
4142,4g000D25720H
4143,4g000D258207
4144,4g000D68040M
4145,4g000D68060S
4146,4g000D68160L
4147,4g000D68180S
4148,4g000D68201N
4149,4i000083760U
4150,4j000D682205
4151,4k000C650110
4152,4k000C657510
4153,4k000G558110
4154,4p0000G94500
4155,4p0000G97300
4156,4p000D160407
4157,4p000D160606
4158,4p000D16440D
4159,4p000D212102
4160,4p000D212307
4161,4p000D214101
4162,4p000D277811
4163,4p000D60510I
4164,4p000D605703
4165,4p000D816100
4166,4p000G105004
4167,4p000G105401
4168,4p000G112900
4169,4p000G146100
4170,4p000G18300D
4171,4p000G190909
4172,4p000G201902
4173,4p000G204901
4174,4p000G20580O
4175,4p000G206500
4176,4p000G259703
4177,4p000G269709
4178,4p000G347303
4179,4p000G529320
4180,4p000G537301
4181,4p000G552502
4182,4p000G553007
4183,4p000G553700
4184,4p000G557007
4185,4p000G55860B
4186,4p000G69090A
4187,4p000G69130D
4188,4p000G69420G
4189,4p000G695921
4190,4p000G696309
4191,4p000G698002
4192,4p000G69860N
4193,4p000G699910
4194,4p000G934108
4195,4q000D215501
4196,4r000D327102
4197,4r000D522820
4198,4r000D523010
4199,4r000D523202
4200,4r000D523403
4201,4r000D577204
4202,4r000D578007
4203,4r000D579406
4204,4r000D70560B
4205,4r000D705700
4206,4r000G104207
4207,4r000G114300
4208,4r000G159004
4209,4r000G203901
4210,4r000G32220E
4211,4r000G323207
4212,4r000G334500
4213,4r000G349405
4214,4r000G382800
4215,4r000G383200
4216,4r000G383400
4217,4r000G388700
4218,4r000G677101
4219,4r000G677500
4220,4r000G678100
4221,4r000G679220
4222,4r000G679401
4223,4r000G679603
4224,4r000G68080A
4225,4r000G68100C
4226,4r000G681404
4227,4r000G681609
4228,4r000G681802
4229,4r000G682300
4230,4r000G682510
4231,4r000G682802
4232,4r000G683806
4233,4r000G68480B
4234,4r000G687101
4235,4r000G687500
4236,4r000G689830
4237,4r000G690010
4238,4t000D359001
4239,4t000D359602
4240,4u000C821604
4241,4u000D369102
4242,4u000D369803
4243,4z0000G86008
4244,4z0000G87800
4245,4z000D33460I
4246,4z000D627207
4247,4z000D627607
4248,4z000D627808
4249,4z000D628209
4250,4z000D628405
4251,4z000D628600
4252,4z000D629403
4253,4z000D642205
4254,4z000D65140A
4255,4z000D656602
4256,4z000D99720Q
4257,4z000D99740O
4258,4z000G15100E
4259,4z000G160605
4260,4z000G163003
4261,4z000G16340B
4262,4z000G98860O
4263,500000C47302
4264,500000C47501
4265,50000G188203
4266,50000G255805
4267,50000G740003
4268,51000D564650
4269,52000C237902
4270,52000C305001
4271,52000C325600
4272,52000C361000
4273,52000C369600
4274,52000D558001
4275,52000D560801
4276,52000D566400
4277,52000G118203
4278,52000G255604
4279,52000G266804
4280,52000G714221
4281,52000G719201
4282,52000G719401
4283,52000G720501
4284,52000G730630
4285,52000G730860
4286,52000G731207
4287,52000G731402
4288,52000G731620
4289,52000G731802
4290,52000G741422
4291,52000G746061
4292,52000G749803
4293,52000G760802
4294,52000G763401
4295,52000G774607
4296,52000G777402
4297,52000G832400
4298,52000G896601
4299,5300000T3620
4300,530000K71601
4301,530000T22122
4302,530000T24204
4303,530000Z22711
4304,53000C238100
4305,53000C238200
4306,53000C238300
4307,53000C238400
4308,53000C238700
4309,53000C238901
4310,53000C239000
4311,53000C239101
4312,53000C239330
4313,53000C302902
4314,53000C303301
4315,53000C308102
4316,53000C308501
4317,53000C319800
4318,53000D553303
4319,53000D556503
4320,53000D559122
4321,53000G156603
4322,53000G157832
4323,53000G160103
4324,53000G255402
4325,53000G323900
4326,53000G708700
4327,53000G711621
4328,53000G718503
4329,53000G719802
4330,53000G722109
4331,53000G723851
4332,53000G7242A1
4333,53000G726250
4334,53000G726701
4335,53000G7275A1
4336,53000G729404
4337,53000G729807
4338,53000G737123
4339,53000G741002
4340,53000G741252
4341,53000G742200
4342,53000G743006
4343,53000G746305
4344,53000G749924
4345,53000G757190
4346,53000G7578B1
4347,53000G761401
4348,53000G764504
4349,53000G7669C2
4350,53000G768135
4351,53000G769806
4352,53000G770105
4353,53000G770705
4354,53000G772100
4355,53000G772304
4356,53000G773102
4357,53000G773302
4358,53000G774522
4359,53000G775103
4360,53000G775508
4361,53000G776223
4362,53000G776605
4363,53000G777600
4364,53000G777820
4365,53000G778020
4366,53000G778705
4367,53000G779543
4368,53000G827211
4369,53000G834302
4370,53000G896700
4371,53000K583300
4372,53000K836500
4373,53000K838103
4374,53000K841711
4375,53000K841821
4376,53000K845103
4377,53000K848405
4378,53000K851304
4379,53000K852501
4380,53000K859709
4381,53000K859809
4382,5400000G5800
4383,540000C41801
4384,540000C42400
4385,540000C43200
4386,540000K5270A
4387,540000T15140
4388,540000Z36632
4389,54000C309110
4390,54000C360501
4391,54000C368800
4392,54000C369201
4393,54000C370002
4394,54000C376400
4395,54000C377802
4396,54000C378405
4397,54000C385412
4398,54000C385812
4399,54000C386200
4400,54000C386602
4401,54000C387012
4402,54000D227201
4403,54000D249202
4404,54000D285900
4405,54000D540312
4406,54000D540761
4407,54000D541100
4408,54000D541501
4409,54000D541930
4410,54000D542300
4411,54000D542740
4412,54000D543100
4413,54000D543570
4414,54000D543951
4415,54000D544301
4416,54000D544701
4417,54000D545141
4418,54000D545500
4419,54000D545900
4420,54000D546301
4421,54000D547203
4422,54000D549700
4423,54000D555901
4424,54000D557000
4425,54000D560001
4426,54000D5644B0
4427,54000D566201
4428,54000G139107
4429,54000G327603
4430,54000G337900
4431,54000G700194
4432,54000G700378
4433,54000G700592
4434,54000G7007E3
4435,54000G700993
4436,54000G701178
4437,54000G7013D0
4438,54000G7015A3
4439,54000G7017A3
4440,54000G701978
4441,54000G7021A0
4442,54000G7023E3
4443,54000G7025A3
4444,54000G702701
4445,54000G702942
4446,54000G703183
4447,54000G7035D1
4448,54000G703990
4449,54000G7041D1
4450,54000G704380
4451,54000G704591
4452,54000G7053I0
4453,54000G7063J0
4454,54000G706592
4455,54000G7069E0
4456,54000G708390
4457,54000G709430
4458,54000G710170
4459,54000G7107B0
4460,54000G710991
4461,54000G711104
4462,54000G711703
4463,54000G7125C0
4464,54000G713010
4465,54000G715810
4466,54000G720141
4467,54000G7211A0
4468,54000G722930
4469,54000G727440
4470,54000G728460
4471,54000G738901
4472,54000G741600
4473,54000G742600
4474,54000G762003
4475,54000G764102
4476,54000G771003
4477,54000G772202
4478,54000G777010
4479,54000G832802
4480,54000G832902
4481,54000G836202
4482,54000G838602
4483,54000K839203
4484,54000K839610
4485,54000K8412E1
4486,54000K852720
4487,54000T777631
4488,55000000D600
4489,55000000D807
4490,55000000G400
4491,5500000D1010
4492,5500000D2100
4493,5500000D5700
4494,5500000D8100
4495,5500000D9201
4496,5500000D9900
4497,5500000G1610
4498,5500000G1802
4499,5500000G2800
4500,5500000T2800
4501,5500000T3400
4502,5500000Z4006
4503,550000146209
4504,550000C40300
4505,550000C40503
4506,550000C41103
4507,550000C46212
4508,550000C46622
4509,550000C48103
4510,550000C49104
4511,550000C49503
4512,550000C62500
4513,550000D10700
4514,550000D12201
4515,550000D16900
4516,550000D17102
4517,550000D19501
4518,550000D19701
4519,550000D21601
4520,550000D37704
4521,550000D38101
4522,550000D91321
4523,550000D95204
4524,550000D956A0
4525,550000G22700
4526,550000G25500
4527,550000G73400
4528,550000G88833
4529,550000G89000
4530,550000G98600
4531,550000G99701
4532,550000K15280
4533,550000K18809
4534,550000K23408
4535,550000K28202
4536,550000K29003
4537,550000K36008
4538,550000K37221
4539,550000K46442
4540,550000K469A0
4541,550000K5600A
4542,550000K66601
4543,550000K73804
4544,550000K782B1
4545,550000K80708
4546,550000K85006
4547,550000T11000
4548,550000T11600
4549,550000T13202
4550,550000T23601
4551,550000Z16406
4552,550000Z17202
4553,550000Z19608
4554,550000Z2680E
4555,550000Z30408
4556,550000Z37603
4557,550000Z51602
4558,55000C237100
4559,55000C237501
4560,55000C300340
4561,55000C300720
4562,55000C301101
4563,55000C301502
4564,55000C301902
4565,55000C302304
4566,55000C302720
4567,55000C303104
4568,55000C303501
4569,55000C304111
4570,55000C305131
4571,55000C305301
4572,55000C305530
4573,55000C305730
4574,55000C305902
4575,55000C306100
4576,55000C307303
4577,55000C307704
4578,55000C308321
4579,55000C363320
4580,55000C365220
4581,55000C365420
4582,55000C369003
4583,55000C369401
4584,55000C369801
4585,55000C379200
4586,55000C380202
4587,55000C381200
4588,55000C381805
4589,55000C385602
4590,55000C386004
4591,55000C386404
4592,55000C386802
4593,55000C387203
4594,55000C388206
4595,55000C388423
4596,55000C388604
4597,55000C389220
4598,55000C389404
4599,55000C389603
4600,55000C970204
4601,55000D166804
4602,55000D214600
4603,55000D221601
4604,55000D228702
4605,55000D249603
4606,55000D290605
4607,55000D292206
4608,55000D305605
4609,55000D306002
4610,55000D307603
4611,55000D310701
4612,55000D319202
4613,55000D556600
4614,55000G130502
4615,55000G131501
4616,55000G131902
4617,55000G134700
4618,55000G138701
4619,55000G140712
4620,55000G141500
4621,55000G143903
4622,55000G146801
4623,55000G147100
4624,55000G151900
4625,55000G152311
4626,55000G154006
4627,55000G162901
4628,55000G163102
4629,55000G163302
4630,55000G163501
4631,55000G164101
4632,55000G165901
4633,55000G174420
4634,55000G178202
4635,55000G258803
4636,55000G261603
4637,55000G275401
4638,55000G278405
4639,55000G278803
4640,55000G281821
4641,55000G305405
4642,55000G308703
4643,55000G312404
4644,55000G324704
4645,55000G325703
4646,55000G326304
4647,55000G331400
4648,55000G333002
4649,55000G378901
4650,55000G382200
4651,55000G387200
4652,55000G7002A1
4653,55000G7004F3
4654,55000G7006A3
4655,55000G700868
4656,55000G7010A2
4657,55000G7012D3
4658,55000G7014E4
4659,55000G701668
4660,55000G7018E0
4661,55000G7020D3
4662,55000G7022C3
4663,55000G702474
4664,55000G702690
4665,55000G702801
4666,55000G703009
4667,55000G703280
4668,55000G7036G0
4669,55000G70420I
4670,55000G7052E0
4671,55000G705603
4672,55000G7058B0
4673,55000G7060C0
4674,55000G7062J0
4675,55000G7064F1
4676,55000G706802
4677,55000G7076L0
4678,55000G7080H0
4679,55000G7084G1
4680,55000G708822
4681,55000G709201
4682,55000G714801
4683,55000G719302
4684,55000G7202E2
4685,55000G7203V3
4686,55000G720902
4687,55000G7210I1
4688,55000G7212E0
4689,55000G721302
4690,55000G721401
4691,55000G721603
4692,55000G721803
4693,55000G722291
4694,55000G722621
4695,55000G723205
4696,55000G7236D1
4697,55000G724070
4698,55000G7244C0
4699,55000G724800
4700,55000G7252H0
4701,55000G7256N0
4702,55000G726001
4703,55000G726403
4704,55000G726860
4705,55000G727208
4706,55000G728005
4707,55000G728260
4708,55000G728602
4709,55000G729040
4710,55000G729206
4711,55000G729607
4712,55000G730008
4713,55000G730103
4714,55000G730301
4715,55000G730510
4716,55000G730901
4717,55000G731110
4718,55000G731750
4719,55000G731922
4720,55000G732101
4721,55000G732301
4722,55000G73290C
4723,55000G733501
4724,55000G733701
4725,55000G733902
4726,55000G734702
4727,55000G735501
4728,55000G735702
4729,55000G735901
4730,55000G736551
4731,55000G750342
4732,55000G750902
4733,55000G751510
4734,55000G751711
4735,55000G751901
4736,55000G752102
4737,55000G752502
4738,55000G752702
4739,55000G752902
4740,55000G75310D
4741,55000G753302
4742,55000G754501
4743,55000G755102
4744,55000G755301
4745,55000G760100
4746,55000G763201
4747,55000G776810
4748,55000G777208
4749,55000G825405
4750,55000G825801
4751,55000G826011
4752,55000G826241
4753,55000G826631
4754,55000G826841
4755,55000G827020
4756,55000G827405
4757,55000G827801
4758,55000G828001
4759,55000G828211
4760,55000G828620
4761,55000G828810
4762,55000G829090
4763,55000G8292D0
4764,55000G829403
4765,55000G8298F1
4766,55000G830005
4767,55000G838710
4768,55000G838811
4769,55000G897801
4770,55000G898102
4771,55000G898211
4772,55000G898800
4773,55000G899400
4774,55000G899610
4775,55000K10480B
4776,55000K110200
4777,55000K115051
4778,55000K11560B
4779,55000K13320B
4780,55000K15060B
4781,55000K15560A
4782,55000K21860H
4783,55000K266606
4784,55000K8362J0
4785,55000K848205
4786,55000S100150
4787,55000S100210
4788,55000S100310
4789,55000S100401
4790,55000S100510
4791,55000S100610
4792,55000S100711
4793,55000S100801
4794,55000S100901
4795,55000S101010
4796,55000S101110
4797,55000S101201
4798,55000S101301
4799,55000S101410
4800,55000S101501
4801,55000S101601
4802,55000S110100
4803,55000S110400
4804,55000S110600
4805,55000S110800
4806,55000S111000
4807,55000S114100
4808,55000S114200
4809,55000S114300
4810,55000S115100
4811,55000S115201
4812,55000S115300
4813,55000S115500
4814,55000S115701
4815,55000S116010
4816,55000S120150
4817,55000S120210
4818,55000S120301
4819,55000S120400
4820,55000S120510
4821,55000S120600
4822,55000S120700
4823,55000S120801
4824,55000S120900
4825,55000S121000
4826,55000S121100
4827,55000S121200
4828,5600000D1231
4829,5600000D1802
4830,5600000D4700
4831,5600000G3840
4832,5600000G4002
4833,5600000G4290
4834,5600000G44C0
4835,5600000G5000
4836,5600000K480C
4837,560000C40203
4838,560000C40400
4839,560000C40604
4840,560000C41203
4841,560000C48220
4842,560000C49212
4843,560000C49602
4844,560000C63010
4845,560000C63200
4846,560000C63400
4847,560000C69603
4848,560000C69803
4849,560000D12602
4850,560000D16000
4851,560000D18202
4852,560000D20401
4853,560000G59401
4854,560000G68800
4855,560000G74400
4856,560000G75600
4857,560000G81400
4858,560000G81800
4859,560000G85000
4860,560000G94800
4861,560000K39207
4862,560000K5290E
4863,560000K60609
4864,560000K65606
4865,560000K89209
4866,560000Y70208
4867,560000Z17609
4868,560000Z28206
4869,560000Z59404
4870,56000C236303
4871,56000C239200
4872,56000C240100
4873,56000C304202
4874,56000C304702
4875,56000C305401
4876,56000C305600
4877,56000C305801
4878,56000C306002
4879,56000C306201
4880,56000C306401
4881,56000C306611
4882,56000C306700
4883,56000C306801
4884,56000C306900
4885,56000C307000
4886,56000C307601
4887,56000C307801
4888,56000C308001
4889,56000C308701
4890,56000C322100
4891,56000C322300
4892,56000C361202
4893,56000C361402
4894,56000C361601
4895,56000C367202
4896,56000C367710
4897,56000C379610
4898,56000D220120
4899,56000D22220B
4900,56000D224608
4901,56000D226207
4902,56000D286200
4903,56000D306802
4904,56000D312306
4905,56000D316506
4906,56000D316906
4907,56000D317104
4908,56000D321102
4909,56000D32170A
4910,56000D323306
4911,56000D33070A
4912,56000D557201
4913,56000D557705
4914,56000D948410
4915,56000G133109
4916,56000G135100
4917,56000G135300
4918,56000G135502
4919,56000G135701
4920,56000G139705
4921,56000G140308
4922,56000G144206
4923,56000G144703
4924,56000G145102
4925,56000G154405
4926,56000G162100
4927,56000G167981
4928,56000G179005
4929,56000G179404
4930,56000G186203
4931,56000G187054
4932,56000G187403
4933,56000G189004
4934,56000G189880
4935,56000G194401
4936,56000G196001
4937,56000G202621
4938,56000G218541
4939,56000G223601
4940,56000G238801
4941,56000G239505
4942,56000G259003
4943,56000G262404
4944,56000G280643
4945,56000G281603
4946,56000G286300
4947,56000G300600
4948,56000G302101
4949,56000G303303
4950,56000G310607
4951,56000G311071
4952,56000G311404
4953,56000G311802
4954,56000G319003
4955,56000G319603
4956,56000G324205
4957,56000G327203
4958,56000G329601
4959,56000G334200
4960,56000G337300
4961,56000G356000
4962,56000G375402
4963,56000G388800
4964,56000G712400
4965,56000G717201
4966,56000G7302D1
4967,56000G7328F1
4968,56000G734105
4969,56000G734503
4970,56000G735101
4971,56000G735280
4972,56000G735300
4973,56000G735490
4974,56000G735870
4975,56000G736081
4976,56000G736103
4977,56000G736209
4978,56000G736607
4979,56000G737207
4980,56000G737605
4981,56000G738205
4982,56000G7384B0
4983,56000G739001
4984,56000G739300
4985,56000G739700
4986,56000G740613
4987,56000G742803
4988,56000G744014
4989,56000G745903
4990,56000G746760
4991,56000G749205
4992,56000G752404
4993,56000G75520A
4994,56000G755403
4995,56000G756021
4996,56000G760400
4997,56000G762200
4998,56000G765903
4999,56000G76920A
5000,56000G769604
5001,56000G770201
5002,56000G770802
5003,56000G771101
5004,56000G771305
5005,56000G771504
5006,56000G771709
5007,56000G773404
5008,56000G773501
5009,56000G77560A
5010,56000G776404
5011,56000G780020
5012,56000G832202
5013,56000G835210
5014,56000G835401
5015,56000G835801
5016,56000G897102
5017,56000K101202
5018,56000K111003
5019,56000K115240
5020,56000K12640C
5021,56000K180633
5022,56000K227651
5023,56000K583400
5024,56000K583803
5025,56000K835261
5026,56000K838202
5027,56000T778502
5028,56000T778600
5029,5700000D6801
5030,5700000D7600
5031,5700000K870Y
5032,5700000T2600
5033,5700000Z3601
5034,57000060260J
5035,570000C19306
5036,570000C19404
5037,570000C8790A
5038,570000D13404
5039,570000D13603
5040,570000D13801
5041,570000D17203
5042,570000K2720X
5043,570000K2880Q
5044,570000K4410Q
5045,570000K47024
5046,570000K6120X
5047,570000K78422
5048,570000K79001
5049,570000K79331
5050,570000K90400
5051,570000T1470Z
5052,570000T17165
5053,570000Y11270
5054,57000D220205
5055,57000D223633
5056,57000D23250Q
5057,57000D23570R
5058,57000D316109
5059,57000D32830D
5060,57000D33240C
5061,57000D62510C
5062,57000D625609
5063,57000D62600E
5064,57000D63410O
5065,57000D63420O
5066,57000D63450H
5067,57000D63460I
5068,57000D63490F
5069,57000D63510E
5070,57000D63530N
5071,57000D635510
5072,57000D63560H
5073,57000D63570F
5074,57000D635810
5075,57000D63600M
5076,57000D644109
5077,57000D648607
5078,57000D648701
5079,57000D65050Q
5080,57000D65070Q
5081,57000D652523
5082,57000D65290T
5083,57000D65310Y
5084,57000D65710I
5085,57000D65810P
5086,57000D65830H
5087,57000D658700
5088,57000D65950E
5089,57000G112710
5090,57000G135402
5091,57000G136302
5092,57000G136503
5093,57000G13820I
5094,57000G138400
5095,57000G138802
5096,57000G140805
5097,57000G140907
5098,57000G142002
5099,57000G142406
5100,57000G144010
5101,57000G14560G
5102,57000G149000
5103,57000G14920G
5104,57000G150002
5105,57000G152010
5106,57000G153001
5107,57000G158405
5108,57000G166302
5109,57000G166800
5110,57000G22860E
5111,57000G256606
5112,57000G271503
5113,57000G271710
5114,57000G272910
5115,57000G273706
5116,57000G274307
5117,57000G275106
5118,57000G27630B
5119,57000G276507
5120,57000G277520
5121,57000G305605
5122,57000G305802
5123,57000G306304
5124,57000G306706
5125,57000G307706
5126,57000G307905
5127,57000G308105
5128,57000G308505
5129,57000G318404
5130,57000G323805
5131,57000G338010
5132,57000G379002
5133,57000G383800
5134,57000G486412
5135,57000G500207
5136,57000G50030N
5137,57000G500409
5138,57000G500610
5139,57000G501240
5140,57000G501505
5141,57000G501903
5142,57000G502604
5143,57000G502905
5144,57000G503004
5145,57000G503620
5146,57000G503810
5147,57000G50420G
5148,57000G50470G
5149,57000G504901
5150,57000G50500D
5151,57000G506006
5152,57000G507703
5153,57000G53140E
5154,57000G531820
5155,57000G98740W
5156,57000G98880P
5157,57000K101910
5158,57000K118723
5159,57000K12180R
5160,57000K12353C
5161,57000K13720N
5162,57000K145410
5163,57000K15232H
5164,57000K16650Q
5165,57000K166912
5166,57000K87070G
5167,57000K87080F
5168,57000K871021
5169,57000K871312
5170,57000K871410
5171,57000K87200F
5172,57000K872110
5173,57000K87220Z
5174,57000K872516
5175,57000K87290M
5176,57000K87300T
5177,57000K873110
5178,57000K873212
5179,57000K87540A
5180,57000K875809
5181,57000K876203
5182,57000T80090C
5183,5800000D6008
5184,5800000G8800
5185,5800000K301I
5186,580000C8760A
5187,580000C87808
5188,580000C92101
5189,580000C92601
5190,580000D15800
5191,580000D66108
5192,580000D6730Z
5193,580000D6830T
5194,580000D6870K
5195,580000D6910G
5196,580000D6950B
5197,580000G25600
5198,580000G6480C
5199,580000G83400
5200,580000G91910
5201,580000G92100
5202,580000G92300
5203,580000G92500
5204,580000G96400
5205,580000G99200
5206,580000K47826
5207,580000K77200
5208,580000K80400
5209,580000Z21802
5210,580000Z3920L
5211,58000C52120P
5212,58000C529406
5213,58000C529604
5214,58000D222610
5215,58000D224227
5216,58000D230105
5217,58000D23310Y
5218,58000D23390F
5219,58000D23760L
5220,58000D23870C
5221,58000D240309
5222,58000D310227
5223,58000D31100L
5224,58000D313203
5225,58000D317207
5226,58000D32180K
5227,58000D32340O
5228,58000D32640I
5229,58000D32660V
5230,58000D329604
5231,58000D33390C
5232,58000D62020W
5233,58000D62030X
5234,58000D62040P
5235,58000D621213
5236,58000D621416
5237,58000D621914
5238,58000D622119
5239,58000D622414
5240,58000D62280W
5241,58000D622919
5242,58000D623114
5243,58000D62420Y
5244,58000D627105
5245,58000D627503
5246,58000D627905
5247,58000D628500
5248,58000D629203
5249,58000D63120I
5250,58000D63160V
5251,58000D63180N
5252,58000D63300K
5253,58000D63340J
5254,58000D63360X
5255,58000D63380Y
5256,58000D637810
5257,58000D638603
5258,58000D639409
5259,58000D639600
5260,58000D639802
5261,58000D640005
5262,58000D640715
5263,58000D640913
5264,58000D64390M
5265,58000D645201
5266,58000D647130
5267,58000D64760J
5268,58000D65020S
5269,58000D65060J
5270,58000D65080T
5271,58000D65101A
5272,58000D652214
5273,58000D65260I
5274,58000D65280M
5275,58000D655106
5276,58000D655606
5277,58000D65622B
5278,58000D65720F
5279,58000D65820Q
5280,58000D65840P
5281,58000D658500
5282,58000D659103
5283,58000D65930P
5284,58000D959401
5285,58000D960684
5286,58000D961870
5287,58000D99710U
5288,58000D99730Q
5289,58000G113001
5290,58000G12740A
5291,58000G130900
5292,58000G132901
5293,58000G148604
5294,58000G16090Y
5295,58000G162810
5296,58000G16360I
5297,58000G165401
5298,58000G16720U
5299,58000G168414
5300,58000G19060P
5301,58000G204606
5302,58000G22940K
5303,58000G241601
5304,58000G303910
5305,58000G331000
5306,58000G333600
5307,58000G334000
5308,58000G501606
5309,58000G510304
5310,58000G510408
5311,58000G51060P
5312,58000G51090B
5313,58000G511004
5314,58000G511106
5315,58000G511204
5316,58000G511403
5317,58000G511503
5318,58000G511609
5319,58000G511705
5320,58000G511903
5321,58000G512902
5322,58000G531209
5323,58000G98720U
5324,58000K874507
5325,58000K874642
5326,58000K874708
5327,58000K874806
5328,59000C238800
5329,59000C308201
5330,59000D211211
5331,59000D218004
5332,59000D218221
5333,59000D287407
5334,59000D289201
5335,59000D289607
5336,59000D551604
5337,59000D552601
5338,59000D560404
5339,59000G256801
5340,59000G259601
5341,59000G7082A0
5342,59000G714691
5343,59000G715006
5344,59000G715101
5345,59000G722060
5346,59000G722801
5347,59000G723402
5348,59000G725401
5349,59000G730405
5350,59000G738821
5351,59000G740405
5352,59000G742400
5353,59000G743820
5354,59000G749406
5355,59000G7594A1
5356,59000G775000
5357,59000G833203
5358,59000G839402
5359,59000G839612
5360,59000G839830
5361,59000G896800
5362,59000K107207
5363,59000K845221
5364,5a00000T3800
5365,5a0000K30806
5366,5a0000K32807
5367,5a0000K34807
5368,5a0000K5520E
5369,5a0000K94405
5370,5a0000T37602
5371,5a000G731005
5372,5a000G747824
5373,5a000G760207
5374,5a000K10500D
5375,5a000K125608
5376,5a000K127606
5377,5a000K13960H
5378,5a000K167060
5379,5a000K29060G
5380,5c0000D14002
5381,5c000C525702
5382,5c000D234303
5383,5c000D235111
5384,5c000D314335
5385,5c000D31670S
5386,5c000D32930N
5387,5c000D636402
5388,5c000D638317
5389,5c000D638803
5390,5c000D642005
5391,5c000D642402
5392,5c000D64430P
5393,5c000D64450Y
5394,5c000D64750W
5395,5c000D656502
5396,5c000D95930G
5397,5c000G304509
5398,5c000K875209
5399,5e00000D3200
5400,5e00000D6200
5401,5e00000G4800
5402,5e0000C62900
5403,5e0000C63101
5404,5e0000C63301
5405,5e0000C63600
5406,5e0000C69504
5407,5e0000C69703
5408,5e0000D23000
5409,5e0000D65604
5410,5e0000G26600
5411,5e0000G58202
5412,5e0000G82200
5413,5e0000G87600
5414,5e0000K16605
5415,5e0000K21208
5416,5e0000K3360I
5417,5e0000K42205
5418,5e0000K4660D
5419,5e0000K84804
5420,5e000D216004
5421,5e000D21960B
5422,5e000D311301
5423,5e000D321502
5424,5e000D321904
5425,5e000D330107
5426,5e000D3305C0
5427,5e000D553402
5428,5e000G122497
5429,5e000G143261
5430,5e000G150200
5431,5e000G186606
5432,5e000G196230
5433,5e000G234304
5434,5e000G235704
5435,5e000G236304
5436,5e000G280803
5437,5e000G313631
5438,5e000G740222
5439,5e000G750281
5440,5e000G751070
5441,5e000G751205
5442,5e000G751404
5443,5e000G75180I
5444,5e000G7520A0
5445,5e000G752292
5446,5e000G75440C
5447,5e000G755600
5448,5e000G756250
5449,5e000G758405
5450,5e000G7590B0
5451,5e000G760030
5452,5e000G761002
5453,5e000G762430
5454,5e000G765800
5455,5e000G767800
5456,5e000G772401
5457,5e000K104009
5458,5e000K107809
5459,5e000K12200B
5460,5e000K143808
5461,5e000K851205
5462,5f00000G6800
5463,5f00000K62D0
5464,5f00000K94E3
5465,5f00000Z3004
5466,5f00000Z5204
5467,5f0000C42203
5468,5f0000C42600
5469,5f0000C43001
5470,5f0000C46422
5471,5f0000C46822
5472,5f0000K1360D
5473,5f0000K24502
5474,5f0000K41902
5475,5f0000K56441
5476,5f0000T14203
5477,5f0000Z15700
5478,5f0000Z36402
5479,5f000C370401
5480,5f000C371300
5481,5f000C372412
5482,5f000C376204
5483,5f000C377001
5484,5f000C378223
5485,5f000C380411
5486,5f000C380801
5487,5f000C381400
5488,5f000C388303
5489,5f000C389130
5490,5f000C389302
5491,5f000C389505
5492,5f000C970104
5493,5f000D166230
5494,5f000D166404
5495,5f000D214302
5496,5f000D215610
5497,5f000D228607
5498,5f000D229261
5499,5f000D312502
5500,5f000D315250
5501,5f000D315603
5502,5f000D320402
5503,5f000D320803
5504,5f000D540900
5505,5f000D541702
5506,5f000D544411
5507,5f000D545600
5508,5f000D546000
5509,5f000D5464A0
5510,5f000D546892
5511,5f000D549450
5512,5f000D549800
5513,5f000G110021
5514,5f000G130403
5515,5f000G159713
5516,5f000G222501
5517,5f000G258212
5518,5f000G258401
5519,5f000G258604
5520,5f000G259803
5521,5f000G263203
5522,5f000G265804
5523,5f000G268207
5524,5f000G268807
5525,5f000G376700
5526,5f000G727903
5527,5f000G728801
5528,5f000G730711
5529,5f000G747201
5530,5f000G753512
5531,5f000G826721
5532,5f000G827720
5533,5f000G827941
5534,5f000G828780
5535,5f000G828901
5536,5f000G829602
5537,5f000G835502
5538,5f000G835704
5539,5f000G835911
5540,5f000G837903
5541,5f000G838501
5542,5f000G899000
5543,5f000K198453
5544,5f000T777503
5545,5i00000G5200
5546,5i00000G5400
5547,5i00000G5600
5548,5i0000G63503
5549,5i0000G64907
5550,5i000C236102
5551,5i000C237303
5552,5i000C237702
5553,5i000C239401
5554,5i000C302000
5555,5i000C302102
5556,5i000C302500
5557,5i000D286601
5558,5i000D318902
5559,5i000D564303
5560,5i000D564531
5561,5i000G161171
5562,5i000G187803
5563,5i000G222803
5564,5i000G256401
5565,5i000G279303
5566,5i000G279503
5567,5i000G300200
5568,5i000G306903
5569,5i000G308304
5570,5i000G314106
5571,5i000G707110
5572,5i000G707530
5573,5i000G716201
5574,5i000G717801
5575,5i000G7246A0
5576,5i000G725000
5577,5i000G725808
5578,5i000G72660A
5579,5i000G737803
5580,5i000G740511
5581,5i000G741700
5582,5i000G741972
5583,5i000G743402
5584,5i000G743903
5585,5i000G744904
5586,5i000G748401
5587,5i000G748802
5588,5i000G75980F
5589,5i000G761203
5590,5i000G761852
5591,5i000G764708
5592,5i000G765506
5593,5i000G766422
5594,5i000G767606
5595,5i000G768007
5596,5i000G768805
5597,5i000G769310
5598,5i000G769409
5599,5i000G770902
5600,5i000G771901
5601,5i000G772506
5602,5i000G773211
5603,5i000G774102
5604,5i000G774901
5605,5i000G833102
5606,5i000G834106
5607,5i000G834520
5608,5i000G836601
5609,5i000G839310
5610,5i000G839510
5611,5i000G839703
5612,5i000G896901
5613,5j00000G4600
5614,5j0000C47401
5615,5j0000C47602
5616,5j0000G59080
5617,5j0000G81600
5618,5j0000G82000
5619,5j0000G82400
5620,5j0000G86808
5621,5j0000G87200
5622,5j0000G88600
5623,5j000C363200
5624,5j000C363401
5625,5j000C366802
5626,5j000C367002
5627,5j000C367400
5628,5j000C367801
5629,5j000C368002
5630,5j000D243132
5631,5j000D291201
5632,5j000D310990
5633,5j000D335602
5634,5j000D567102
5635,5j000G109800
5636,5j000G1228D1
5637,5j000G145820
5638,5j000G173207
5639,5j000G189402
5640,5j000G196441
5641,5j000G196601
5642,5j000G196801
5643,5j000G198403
5644,5j000G199280
5645,5j000G203681
5646,5j000G204008
5647,5j000G230203
5648,5j000G230602
5649,5j000G231202
5650,5j000G231603
5651,5j000G233270
5652,5j000G234704
5653,5j000G235204
5654,5j000G303000
5655,5j000G313201
5656,5j000G319201
5657,5j000G711200
5658,5j000G732001
5659,5j000G732202
5660,5j000G732403
5661,5j000G732653
5662,5j000G733032
5663,5j000G733270
5664,5j000G733403
5665,5j000G733608
5666,5j000G733832
5667,5j000G734003
5668,5j000G734207
5669,5j000G734440
5670,5j000G734604
5671,5j000G734802
5672,5j000G735074
5673,5j000G736410
5674,5j000G736811
5675,5j000G739400
5676,5j000G742002
5677,5j000G743253
5678,5j000G743622
5679,5j000G745000
5680,5j000G746454
5681,5j000G746601
5682,5j000G746851
5683,5j000G747002
5684,5j000G747502
5685,5j000G748200
5686,5j000G748683
5687,5j000G749603
5688,5j000G750032
5689,5j000G750472
5690,5j000G750606
5691,5j000G750805
5692,5j000G7516C0
5693,5j000G752630
5694,5j000G752802
5695,5j000G753041
5696,5j000G753251
5697,5j000G753463
5698,5j000G753605
5699,5j000G7538A2
5700,5j000G7540A2
5701,5j000G7542B1
5702,5j000G7546B0
5703,5j000G755060
5704,5j000G755810
5705,5j000G756609
5706,5j000G756804
5707,5j000G7572E5
5708,5j000G757605
5709,5j000G75820D
5710,5j000G7586E2
5711,5j000G758802
5712,5j000G7592C1
5713,5j000G761672
5714,5j000G762680
5715,5j000G762802
5716,5j000G764204
5717,5j000G764603
5718,5j000G764808
5719,5j000G765007
5720,5j000G765205
5721,5j000G7662D2
5722,5j000G766606
5723,5j000G767004
5724,5j000G767402
5725,5j000G768204
5726,5j000G769004
5727,5j000G771203
5728,5j000G771404
5729,5j000G771604
5730,5j000G771807
5731,5j000G772001
5732,5j000G773602
5733,5j000G775202
5734,5j000G776026
5735,5j000G779250
5736,5j000G779610
5737,5j000G836004
5738,5j000G836402
5739,5j000G838001
5740,5j000G896201
5741,5k000000G600
5742,5k0000Y70108
5743,5l000000G250
5744,5l000000G802
5745,5l00000G1010
5746,5l00000G1250
5747,5l00000G1450
5748,5l00000G2052
5749,5l00000G2222
5750,5l00000G2412
5751,5l00000G2600
5752,5l00000G3000
5753,5l00000G3200
5754,5l00000G6602
5755,5l00000G7600
5756,5l00000G8000
5757,5l00000G8400
5758,5l00000G9400
5759,5l0000D35206
5760,5l0000D63606
5761,5l0000D931N0
5762,5l0000D935G1
5763,5l0000D94102
5764,5l0000D97200
5765,5l0000D97600
5766,5l0000G10000
5767,5l0000G20100
5768,5l0000G20300
5769,5l0000G20500
5770,5l0000G20700
5771,5l0000G21900
5772,5l0000G22301
5773,5l0000G22510
5774,5l0000G22900
5775,5l0000G23100
5776,5l0000G23500
5777,5l0000G23700
5778,5l0000G24100
5779,5l0000G24500
5780,5l0000G24700
5781,5l0000G25100
5782,5l0000G25300
5783,5l0000G25700
5784,5l0000G25900
5785,5l0000G26100
5786,5l0000G26300
5787,5l0000G38400
5788,5l0000G452J0
5789,5l0000G45601
5790,5l0000G46001
5791,5l0000G46400
5792,5l0000G46801
5793,5l0000G53200
5794,5l0000G54800
5795,5l0000G55000
5796,5l0000G58603
5797,5l0000G59801
5798,5l0000G60000
5799,5l0000G63400
5800,5l0000G63703
5801,5l0000G66800
5802,5l0000G67000
5803,5l0000G676A2
5804,5l0000G69401
5805,5l0000G69702
5806,5l0000G69901
5807,5l0000G72600
5808,5l0000G73600
5809,5l0000G73800
5810,5l0000G74000
5811,5l0000G74200
5812,5l0000G74800
5813,5l0000G75000
5814,5l0000G75200
5815,5l0000G79600
5816,5l0000G79800
5817,5l0000G80000
5818,5l0000G80200
5819,5l0000G80400
5820,5l0000G80600
5821,5l0000G80800
5822,5l0000G81000
5823,5l0000G82601
5824,5l0000G87400
5825,5l0000G89500
5826,5l0000G89900
5827,5l0000G90100
5828,5l0000G93800
5829,5l0000G96000
5830,5l0000G99600
5831,5l000C240301
5832,5l000C300120
5833,5l000C300501
5834,5l000C300920
5835,5l000C309320
5836,5l000C319600
5837,5l000C325330
5838,5l000C360102
5839,5l000C360310
5840,5l000C360701
5841,5l000C360900
5842,5l000C361100
5843,5l000C361302
5844,5l000C361501
5845,5l000C363110
5846,5l000C365100
5847,5l000C367302
5848,5l000C368700
5849,5l000C370604
5850,5l000C371100
5851,5l000C371801
5852,5l000C376901
5853,5l000C377205
5854,5l000C379802
5855,5l000C379903
5856,5l000C388103
5857,5l000C389710
5858,5l000D210704
5859,5l000D212205
5860,5l000D212404
5861,5l000D213204
5862,5l000D213608
5863,5l000D215210
5864,5l000D216200
5865,5l000D220607
5866,5l000D226807
5867,5l000D228160
5868,5l000D229308
5869,5l000D237303
5870,5l000D285500
5871,5l000D287104
5872,5l000D291407
5873,5l000D292421
5874,5l000D300606
5875,5l000D301002
5876,5l000D301401
5877,5l000D304601
5878,5l000D306401
5879,5l000D309003
5880,5l000D310106
5881,5l000D310304
5882,5l000D313108
5883,5l000D314103
5884,5l000D314504
5885,5l000D319702
5886,5l000D323507
5887,5l000D323905
5888,5l000D329107
5889,5l000D329508
5890,5l000D332304
5891,5l000D540160
5892,5l000D540510
5893,5l000D541300
5894,5l000D547102
5895,5l000D548500
5896,5l000D549301
5897,5l000D551556
5898,5l000D556000
5899,5l000D556202
5900,5l000D560140
5901,5l000D560505
5902,5l000D566605
5903,5l000G120462
5904,5l000G121200
5905,5l000G121405
5906,5l000G122000
5907,5l000G123208
5908,5l000G123608
5909,5l000G1252B4
5910,5l000G125805
5911,5l000G132108
5912,5l000G133306
5913,5l000G1341B1
5914,5l000G134350
5915,5l000G134521
5916,5l000G134901
5917,5l000G136903
5918,5l000G137105
5919,5l000G13730A
5920,5l000G137706
5921,5l000G13790B
5922,5l000G138102
5923,5l000G1383G1
5924,5l000G141700
5925,5l000G141902
5926,5l000G142305
5927,5l000G142612
5928,5l000G143711
5929,5l000G145541
5930,5l000G146461
5931,5l000G14760A
5932,5l000G148109
5933,5l000G1483A1
5934,5l000G148900
5935,5l000G149305
5936,5l000G149901
5937,5l000G150307
5938,5l000G15050F
5939,5l000G150903
5940,5l000G153203
5941,5l000G158307
5942,5l000G160505
5943,5l000G161503
5944,5l000G162711
5945,5l000G163706
5946,5l000G163904
5947,5l000G165102
5948,5l000G165301
5949,5l000G165507
5950,5l000G166103
5951,5l000G166502
5952,5l000G166704
5953,5l000G166903
5954,5l000G167303
5955,5l000G167701
5956,5l000G170602
5957,5l000G171606
5958,5l000G172410
5959,5l000G173603
5960,5l000G174153
5961,5l000G174706
5962,5l000G176403
5963,5l000G177203
5964,5l000G177601
5965,5l000G18020A
5966,5l000G180670
5967,5l000G181003
5968,5l000G181821
5969,5l000G182202
5970,5l000G1826C1
5971,5l000G188707
5972,5l000G191604
5973,5l000G192462
5974,5l000G192802
5975,5l000G193261
5976,5l000G194007
5977,5l000G194810
5978,5l000G1956A0
5979,5l000G1970A3
5980,5l000G1974B3
5981,5l000G197911
5982,5l000G198601
5983,5l000G214103
5984,5l000G217502
5985,5l000G218906
5986,5l000G219400
5987,5l000G220706
5988,5l000G236600
5989,5l000G238110
5990,5l000G238411
5991,5l000G239302
5992,5l000G240301
5993,5l000G261260
5994,5l000G264606
5995,5l000G266206
5996,5l000G278104
5997,5l000G281272
5998,5l000G302301
5999,5l000G302701
6000,5l000G305701
6001,5l000G305901
6002,5l000G307303
6003,5l000G307505
6004,5l000G308911
6005,5l000G309102
6006,5l000G310322
6007,5l000G315207
6008,5l000G316102
6009,5l000G316405
6010,5l000G317401
6011,5l000G317605
6012,5l000G323015
6013,5l000G323701
6014,5l000G325205
6015,5l000G328404
6016,5l000G328807
6017,5l000G329205
6018,5l000G331801
6019,5l000G338200
6020,5l000G339000
6021,5l000G357200
6022,5l000G359103
6023,5l000G375701
6024,5l000G382600
6025,5l000G703702
6026,5l000G7103E0
6027,5l000G710804
6028,5l000G7110D0
6029,5l000G711803
6030,5l000G7122E0
6031,5l000G7126F0
6032,5l000G7128E0
6033,5l000G713510
6034,5l000G7136Q1
6035,5l000G714491
6036,5l000G7152J0
6037,5l000G7156J0
6038,5l000G716071
6039,5l000G7164E1
6040,5l000G717683
6041,5l000G717920
6042,5l000G718000
6043,5l000G7182F1
6044,5l000G718602
6045,5l000G719042
6046,5l000G719601
6047,5l000G719931
6048,5l000G720630
6049,5l000G721500
6050,5l000G728906
6051,5l000G729900
6052,5l000G731300
6053,5l000G7325A0
6054,5l000G733102
6055,5l000G733303
6056,5l000G73430B
6057,5l000G7349A0
6058,5l000G736302
6059,5l000G7367B1
6060,5l000G738163
6061,5l000G738302
6062,5l000G738622
6063,5l000G739970
6064,5l000G7415G1
6065,5l000G742190
6066,5l000G742341
6067,5l000G747306
6068,5l000G750104
6069,5l000G750580
6070,5l000G750701
6071,5l000G75110H
6072,5l000G753763
6073,5l000G754109
6074,5l000G754306
6075,5l000G754960
6076,5l000G755560
6077,5l000G755772
6078,5l000G755907
6079,5l000G7561A0
6080,5l000G756703
6081,5l000G756921
6082,5l000G757001
6083,5l000G75810E
6084,5l000G758703
6085,5l000G758990
6086,5l000G759602
6087,5l000G7599D0
6088,5l000G760500
6089,5l000G760703
6090,5l000G761360
6091,5l000G7619K1
6092,5l000G762100
6093,5l000G762304
6094,5l000G762501
6095,5l000G762705
6096,5l000G7629A0
6097,5l000G76490A
6098,5l000G765700
6099,5l000G766503
6100,5l000G772606
6101,5l000G778804
6102,5l000G827503
6103,5l000G8291D0
6104,5l000G829906
6105,5l000G830130
6106,5l000G830212
6107,5l000G831103
6108,5l000G835611
6109,5l000G836102
6110,5l000G836301
6111,5l000G839111
6112,5l000G896100
6113,5l000G896501
6114,5l000G897700
6115,5l000G899110
6116,5l000G899501
6117,5n0000C88007
6118,5n0000C92300
6119,5n0000C92500
6120,5n0000D13208
6121,5n0000D22800
6122,5n0000D38220
6123,5n0000D66309
6124,5n0000D66504
6125,5n0000D66706
6126,5n0000D67124
6127,5n0000D68136
6128,5n0000G25800
6129,5n0000G26000
6130,5n0000G68000
6131,5n0000G96600
6132,5n0000G98200
6133,5n0000G98400
6134,5n0000K2440T
6135,5n0000K5720O
6136,5n0000K9460N
6137,5n0000K97408
6138,5n0000Z1040D
6139,5n0000Z1260H
6140,5n000D223216
6141,5n000D23050R
6142,5n000D23111A
6143,5n000D23290P
6144,5n000D234720
6145,5n000D240708
6146,5n000D24110B
6147,5n000D31040R
6148,5n000D31700L
6149,5n000D32020W
6150,5n000D32060T
6151,5n000D32120N
6152,5n000D321612
6153,5n000D32200V
6154,5n000D32360F
6155,5n000D32400G
6156,5n000D324201
6157,5n000D327201
6158,5n000D32780W
6159,5n000D32900Q
6160,5n000D330207
6161,5n000D33110A
6162,5n000D33150A
6163,5n000D331909
6164,5n000D33330U
6165,5n000D33370L
6166,5n000D62050F
6167,5n000D620610
6168,5n000D62180Z
6169,5n000D622010
6170,5n000D627307
6171,5n000D627703
6172,5n000D632505
6173,5n000D63290J
6174,5n000D63310S
6175,5n000D633208
6176,5n000D63330X
6177,5n000D63350T
6178,5n000D637201
6179,5n000D638112
6180,5n000D650405
6181,5n000D653014
6182,5n000D653423
6183,5n000D657504
6184,5n000D960509
6185,5n000G102102
6186,5n000G131601
6187,5n000G152800
6188,5n000G16120N
6189,5n000G162207
6190,5n000G162509
6191,5n000G163801
6192,5n000G164004
6193,5n000G164206
6194,5n000G164403
6195,5n000G16480N
6196,5n000G16520D
6197,5n000G165611
6198,5n000G16700N
6199,5n000G16740S
6200,5n000G168003
6201,5n000G16880U
6202,5n000G16940X
6203,5n000G169802
6204,5n000G17540H
6205,5n000G17560I
6206,5n000G190206
6207,5n000G22780I
6208,5n000G22960I
6209,5n000G233806
6210,5n000G23720Q
6211,5n000G237400
6212,5n000G302800
6213,5n000G304104
6214,5n000G304307
6215,5n000G304705
6216,5n000G304903
6217,5n000G30510A
6218,5n000G306002
6219,5n000G309005
6220,5n000G309206
6221,5n000G309606
6222,5n000G312804
6223,5n000G320610
6224,5n000G333201
6225,5n000G374302
6226,5n000G375604
6227,5n000G375803
6228,5n000G381101
6229,5n000G381500
6230,5n000G502404
6231,5n000G506505
6232,5n000G512301
6233,5n000G513002
6234,5n000G531601
6235,5n000K875603
6236,5n000K876001
6237,5n000T801007
6238,5o000G778212
6239,5o000G827620
6240,5q00000K7102
6241,5q00000K7901
6242,5q00000T8101
6243,5q0000G56600
6244,5q0000K11101
6245,5q0000K12301
6246,5q0000K14902
6247,5q0000K27100
6248,5q0000K28700
6249,5q0000K35102
6250,5q0000K37901
6251,5q0000K51102
6252,5q0000K51501
6253,5q0000K57501
6254,5q0000K73901
6255,5q0000K75101
6256,5q0000K83302
6257,5q0000T10102
6258,5q000D221206
6259,5q000D292810
6260,5q000G142105
6261,5q000G195208
6262,5q000G241001
6263,5q000G242211
6264,5q000G314401
6265,5q000G328001
6266,5q000G711410
6267,5q000G713400
6268,5q000G713800
6269,5q000K110700
6270,5q000K112701
6271,5q000K118502
6272,5q000K137101
6273,5q000K137303
6274,5s000C301302
6275,5s000D22540A
6276,5s000G257812
6277,5s000G779910
6278,5t000D324100
6279,5u0000G33400
6280,5u0000G33600
6281,5u0000G33800
6282,5u0000G6400H
6283,5u0000G64601
6284,5u0000G81200
6285,5u000D214803
6286,5u000D22970Q
6287,5u000D232308
6288,5u000D23610G
6289,5u000D314707
6290,5u000D318803
6291,5u000D319007
6292,5u000D319409
6293,5u000D319805
6294,5u000D32520F
6295,5u000D32560H
6296,5u000D626202
6297,5u000D634403
6298,5u000D634803
6299,5u000D645402
6300,5u000D65010C
6301,5u000D650304
6302,5u000D65090T
6303,5u000D651206
6304,5u000D65130A
6305,5u000D652322
6306,5u000D652727
6307,5u000D654705
6308,5u000D65480G
6309,5u000D656131
6310,5u000D98630L
6311,5u000D98640D
6312,5u000G112101
6313,5u000G112305
6314,5u000G112501
6315,5u000G135201
6316,5u000G135600
6317,5u000G136101
6318,5u000G138608
6319,5u000G14600J
6320,5u000G146606
6321,5u000G14700B
6322,5u000G15110F
6323,5u000G16660B
6324,5u000G17590K
6325,5u000G216506
6326,5u000G216902
6327,5u000G231902
6328,5u000G23580H
6329,5u000G272310
6330,5u000G272503
6331,5u000G272705
6332,5u000G273108
6333,5u000G273307
6334,5u000G274906
6335,5u000G306104
6336,5u000G306505
6337,5u000G307105
6338,5u000G336800
6339,5u000G368902
6340,5u000G504108
6341,5u000G50450D
6342,5u000G981920
6343,5v000K839403
6344,5w0000G26200
6345,5w000G27740A
6346,5w000G506204
6347,5w000G506402
6348,5w000G506605
6349,5y000C521305
6350,5y000C529503
6351,5y000C954304
6352,5y000D235311
6353,5y000D324907
6354,5y000D62410M
6355,5y000D625703
6356,5y000D62630K
6357,5y000D635903
6358,5y000G141800
6359,5y000G163200
6360,5y000G273500
6361,5y000G276110
6362,5y000G501100
6363,5y000G507502
6364,610000G23600
6365,610000G95800
6366,61000C885400
6367,61000C886202
6368,61000C886410
6369,61000C886601
6370,61000C887701
6371,61000C888502
6372,61000G142802
6373,61000G155001
6374,61000G217701
6375,61000G603307
6376,61000G604407
6377,61000G607005
6378,61000G612130
6379,61000G61580B
6380,61000G616520
6381,61000G618206
6382,61000G619007
6383,61000G645307
6384,61000G64570A
6385,61000G646109
6386,61000G64650E
6387,61000G646908
6388,61000G64820A
6389,61000G649308
6390,62000000D202
6391,6200000D5400
6392,6200000D7900
6393,620000C20301
6394,620000C20402
6395,620000C20502
6396,620000D20900
6397,620000G31601
6398,620000K26810
6399,620000K5020V
6400,620000K57620
6401,620000T18203
6402,62000C774204
6403,62000C774402
6404,62000C775402
6405,62000C775603
6406,62000C776002
6407,62000C776802
6408,62000C777004
6409,62000C777202
6410,62000C777402
6411,62000C77800B
6412,62000C778204
6413,62000C778403
6414,62000C77960A
6415,62000C77980A
6416,62000C780001
6417,62000C793203
6418,62000C793600
6419,62000C794201
6420,62000C794400
6421,62000C794600
6422,62000C794800
6423,62000C795000
6424,62000C795800
6425,62000C796201
6426,62000C797000
6427,62000G134802
6428,62000G135003
6429,62000G184801
6430,62000G241810
6431,62000G242600
6432,62000G242800
6433,62000G243000
6434,62000G243202
6435,62000G243402
6436,62000G243601
6437,62000G243800
6438,62000G244001
6439,62000G244201
6440,62000G244602
6441,62000G244802
6442,62000G245000
6443,62000G376403
6444,62000G566800
6445,62000G601909
6446,62000G60740I
6447,62000G60780B
6448,62000G609609
6449,62000G612408
6450,62000G612805
6451,62000G613804
6452,62000G615008
6453,62000G616204
6454,62000G640207
6455,62000G640404
6456,62000G640608
6457,62000G641008
6458,62000G641408
6459,62000G641608
6460,62000G64200E
6461,62000G642800
6462,62000G644201
6463,62000K108802
6464,62000K209602
6465,62000K661760
6466,62000K912810
6467,62000K920160
6468,62000K920210
6469,62000K921764
6470,62000K92210K
6471,62000K923304
6472,62000K923507
6473,62000K929209
6474,62000S680206
6475,62000S680600
6476,62000S680804
6477,62000S681003
6478,62000S681207
6479,62000S681400
6480,62000S681606
6481,62000S681800
6482,62000S682005
6483,62000S682201
6484,62000S682405
6485,62000S690109
6486,62000S690208
6487,62000S690307
6488,62000S690409
6489,62000S69050A
6490,62000S69060C
6491,62000S690707
6492,62000S690808
6493,62000S690909
6494,62000S691007
6495,62000S69110C
6496,62000S691208
6497,62000S69130G
6498,62000S691407
6499,62000S691506
6500,62000S691707
6501,62000S69190K
6502,62000S69200C
6503,62000S69210B
6504,62000S69220K
6505,62000S692307
6506,62000S692407
6507,62000S692507
6508,62000S692607
6509,62000S692708
6510,62000S692807
6511,62000S692907
6512,62000S693008
6513,62000S69310B
6514,62000S693209
6515,62000S693307
6516,62000S69340A
6517,62000S69350G
6518,62000S693609
6519,62000S693707
6520,62000S693808
6521,62000S693907
6522,62000S694009
6523,62000S694308
6524,62000S694407
6525,62000S694507
6526,62000S69460F
6527,62000S694707
6528,62000S694808
6529,62000S694907
6530,62000S69500B
6531,62000S69510G
6532,62000S695207
6533,62000S695308
6534,62000S695407
6535,62000S69550C
6536,62000S695709
6537,62000S695808
6538,62000S695906
6539,62000S69600C
6540,62000S69610N
6541,62000S69620T
6542,62000S696308
6543,62000S696408
6544,62000S696709
6545,62000S696807
6546,62000S697010
6547,62000S697106
6548,62000S69720C
6549,62000S697302
6550,62000S697406
6551,62000S697503
6552,62000S700101
6553,62000S700200
6554,62000S700301
6555,62000S700500
6556,62000S700610
6557,62000S700710
6558,62000S700801
6559,62000S700901
6560,62000S701301
6561,62000S701400
6562,62000S701501
6563,62000S701700
6564,62000S701900
6565,62000S702001
6566,62000S79010A
6567,62000S79030E
6568,62000S790508
6569,62000S79070K
6570,62000S790909
6571,62000S79130C
6572,62000S79150F
6573,62000S791709
6574,62000S791908
6575,62000S79210E
6576,62000S792508
6577,62000S79270B
6578,62000S79310P
6579,62000S793308
6580,62000S79350A
6581,62000S793705
6582,62000S793909
6583,62000S794107
6584,62000S794708
6585,62000S79510P
6586,62000S795308
6587,62000S795507
6588,62000S795705
6589,62000S796104
6590,62000S79630D
6591,62000S79690D
6592,62000S797103
6593,62000S79750C
6594,62000S797904
6595,62000Z800204
6596,630000D58800
6597,630000G41600
6598,630000G54200
6599,630000G56800
6600,630000G65000
6601,63000C678400
6602,63000C701106
6603,63000C701509
6604,63000C702909
6605,63000C703506
6606,63000C704107
6607,63000C704305
6608,63000C704707
6609,63000C705506
6610,63000C70650C
6611,63000C706706
6612,63000C70730E
6613,63000C707707
6614,63000C707903
6615,63000C708704
6616,63000C708907
6617,63000C709303
6618,63000C709507
6619,63000C709903
6620,63000C710706
6621,63000C71090G
6622,63000C711301
6623,63000C711501
6624,63000C800904
6625,63000D298400
6626,63000D373800
6627,63000D374600
6628,63000D383800
6629,63000D733401
6630,63000D733801
6631,63000D756900
6632,63000D759500
6633,63000G110400
6634,63000G111000
6635,63000G111801
6636,63000G112201
6637,63000G112400
6638,63000G112800
6639,63000G115600
6640,63000G217200
6641,63000G372601
6642,63000G517100
6643,63000G520301
6644,63000G520701
6645,63000G568101
6646,63000G568301
6647,63000G568501
6648,63000G568701
6649,63000G568901
6650,63000G569101
6651,63000G569301
6652,63000G605000
6653,63000G610200
6654,63000G611000
6655,63000G611600
6656,63000G612200
6657,63000G613400
6658,63000G616002
6659,63000G618810
6660,63000G659202
6661,63000G846202
6662,63000G846602
6663,63000G846802
6664,63000G847001
6665,63000G847603
6666,63000G848002
6667,640000726509
6668,64000072660C
6669,640000726909
6670,640000727008
6671,64000072710A
6672,640000727208
6673,640000727703
6674,640000727803
6675,640000G22100
6676,640000K8090B
6677,640000Z29705
6678,64000C774101
6679,64000C774301
6680,64000C775101
6681,64000C775501
6682,64000C775701
6683,64000C775901
6684,64000C776702
6685,64000C776902
6686,64000C777101
6687,64000C777301
6688,64000C77790B
6689,64000C778104
6690,64000C778302
6691,64000C778501
6692,64000C77930A
6693,64000C77950A
6694,64000C77970A
6695,64000C779903
6696,64000C794100
6697,64000C794302
6698,64000C794500
6699,64000C794700
6700,64000C794900
6701,64000C796000
6702,64000D396709
6703,64000G136709
6704,64000G213306
6705,64000G213708
6706,64000G214306
6707,64000G245202
6708,64000G285901
6709,64000G287502
6710,64000G293900
6711,64000G297107
6712,64000G29830A
6713,64000G298708
6714,64000G298907
6715,64000G299107
6716,64000G299309
6717,64000G299509
6718,64000G299704
6719,64000G336900
6720,64000G364700
6721,64000G384700
6722,64000G387000
6723,64000G48710F
6724,64000G48791K
6725,64000G604902
6726,64000G605708
6727,64000G607904
6728,64000G609707
6729,64000G611720
6730,64000G614100
6731,64000G615108
6732,64000G616700
6733,64000G635708
6734,64000G63730C
6735,64000G63770M
6736,64000G642907
6737,64000G643303
6738,64000G647303
6739,64000G649702
6740,64000K13740S
6741,64000K661800
6742,64000K921004
6743,64000K925905
6744,64000Z800104
6745,6500000D2200
6746,6500000D2401
6747,6500000D2801
6748,6500000D3610
6749,6500000D9001
6750,6500000K8201
6751,6500000K8500
6752,6500000K920U
6753,6500000T3200
6754,6500000T960F
6755,6500000Z1410
6756,650000C20603
6757,650000D10000
6758,650000D14802
6759,650000D17000
6760,650000D19001
6761,650000D19204
6762,650000K10629
6763,650000K1340E
6764,650000K20202
6765,650000K21003
6766,650000K22602
6767,650000K23809
6768,650000K30302
6769,650000K32603
6770,650000K35604
6771,650000K4420N
6772,650000K4460V
6773,650000K4860T
6774,650000K52806
6775,650000K5360L
6776,650000K60001
6777,650000K64201
6778,650000K6750J
6779,650000K7290R
6780,650000K75610
6781,650000K7950U
6782,650000K81402
6783,650000K82407
6784,650000K9320K
6785,650000K9520T
6786,650000T1020N
6787,650000T12400
6788,650000T15201
6789,650000T1720F
6790,650000T18003
6791,650000T22202
6792,650000T22701
6793,650000T25403
6794,650000T37001
6795,650000T3980K
6796,650000Z13801
6797,650000Z1680C
6798,650000Z1820N
6799,650000Z1860I
6800,650000Z2300I
6801,650000Z23630
6802,650000Z26401
6803,650000Z31007
6804,650000Z33220
6805,650000Z58603
6806,65000C681304
6807,65000C70010T
6808,65000C70020T
6809,65000C70030N
6810,65000C70040W
6811,65000C70050T
6812,65000C700610
6813,65000C70070P
6814,65000C701210
6815,65000C701415
6816,65000C701611
6817,65000C70170T
6818,65000C70181F
6819,65000C70190O
6820,65000C70200Z
6821,65000C70220V
6822,65000C70250W
6823,65000C702615
6824,65000C70280X
6825,65000C70310G
6826,65000C70320V
6827,65000C70330Q
6828,65000C703610
6829,65000C70370J
6830,65000C70401E
6831,65000C704214
6832,65000C70441O
6833,65000C70461K
6834,65000C70480Z
6835,65000C70490S
6836,65000C70521D
6837,65000C70531D
6838,65000C70541L
6839,65000C705719
6840,65000C70581V
6841,65000C70601M
6842,65000C706111
6843,65000C706318
6844,65000C70641H
6845,65000C70660S
6846,65000C707013
6847,65000C70710V
6848,65000C70720Z
6849,65000C707415
6850,65000C70750L
6851,65000C70760V
6852,65000C707812
6853,65000C708416
6854,65000C70851C
6855,65000C70861F
6856,65000C70880W
6857,65000C709012
6858,65000C70910H
6859,65000C70960Z
6860,65000C70981F
6861,65000C710016
6862,65000C710226
6863,65000C71030M
6864,65000C71040X
6865,65000C71050H
6866,65000C71060T
6867,65000C710812
6868,65000C71120U
6869,65000C71140V
6870,65000C711725
6871,65000C71182A
6872,65000C711913
6873,65000C712011
6874,65000C80010A
6875,65000C80020A
6876,65000C80030B
6877,65000C80040A
6878,65000C800507
6879,65000C80060A
6880,65000C80070A
6881,65000C80080J
6882,65000C80100E
6883,65000C80110A
6884,65000C801209
6885,65000C801308
6886,65000C801406
6887,65000C801504
6888,65000C801606
6889,65000C801705
6890,65000C801805
6891,65000C802007
6892,65000C802102
6893,65000C802205
6894,65000C802303
6895,65000C802403
6896,65000C802505
6897,65000C802603
6898,65000C802702
6899,65000C802803
6900,65000C802901
6901,65000C803002
6902,65000C803101
6903,65000C80320H
6904,65000D231508
6905,65000D232109
6906,65000D239800
6907,65000D242907
6908,65000D312108
6909,65000D330905
6910,65000D331307
6911,65000D363800
6912,65000D375600
6913,65000D387800
6914,65000D71080A
6915,65000D71440B
6916,65000D71480B
6917,65000D71520H
6918,65000D71560H
6919,65000D71600D
6920,65000D71680A
6921,65000D717208
6922,65000D717609
6923,65000D718209
6924,65000D718304
6925,65000D71960O
6926,65000D730204
6927,65000D732600
6928,65000D733000
6929,65000D748500
6930,65000D748700
6931,65000D748900
6932,65000D755705
6933,65000D755905
6934,65000D756106
6935,65000D756301
6936,65000D756500
6937,65000D756705
6938,65000D757107
6939,65000D757302
6940,65000D757505
6941,65000D757704
6942,65000D757905
6943,65000D758105
6944,65000D758300
6945,65000D759109
6946,65000D759309
6947,65000D759705
6948,65000G130605
6949,65000G133000
6950,65000G193600
6951,65000G270608
6952,65000G272408
6953,65000G272603
6954,65000G273407
6955,65000G273610
6956,65000G273808
6957,65000G274601
6958,65000G276808
6959,65000G27700A
6960,65000G278209
6961,65000G27900B
6962,65000G27960B
6963,65000G304205
6964,65000G304402
6965,65000G304604
6966,65000G304803
6967,65000G305007
6968,65000G305201
6969,65000G306205
6970,65000G306404
6971,65000G306606
6972,65000G306805
6973,65000G307005
6974,65000G307204
6975,65000G307403
6976,65000G307605
6977,65000G307802
6978,65000G308003
6979,65000G308204
6980,65000G308401
6981,65000G308602
6982,65000G308804
6983,65000G334600
6984,65000G370200
6985,65000G377600
6986,65000G514400
6987,65000G514800
6988,65000G515201
6989,65000G515600
6990,65000G516000
6991,65000G517700
6992,65000G518500
6993,65000G519300
6994,65000G519700
6995,65000G520504
6996,65000G521901
6997,65000G522702
6998,65000G522905
6999,65000G523102
7000,65000G524301
7001,65000G654504
7002,65000G654707
7003,65000G654904
7004,65000G655107
7005,65000G655307
7006,65000G655506
7007,65000G655705
7008,65000G655906
7009,65000G656107
7010,65000G656303
7011,65000G656502
7012,65000G656702
7013,65000G656903
7014,65000G84080I
7015,65000G841003
7016,65000G841402
7017,65000G841603
7018,65000G841806
7019,65000G842002
7020,65000G842203
7021,65000G842405
7022,65000G842600
7023,65000G842801
7024,65000G843000
7025,65000G843201
7026,65000G843401
7027,65000G843601
7028,65000G843800
7029,65000G844000
7030,65000G844200
7031,65000G844604
7032,65000G845002
7033,65000G847800
7034,65000G848201
7035,65000K100802
7036,65000K10200A
7037,65000K108001
7038,65000K109610
7039,65000K116000
7040,65000K12320N
7041,65000K12820T
7042,65000K129601
7043,65000K13120I
7044,65000K13480J
7045,65000K16200R
7046,65000K16560H
7047,65000K166608
7048,65000K912600
7049,65000K912601
7050,65000K92180M
7051,65000K92600C
7052,65000K926804
7053,65000K92760J
7054,65000Z80060V
7055,66000C690201
7056,66000C690800
7057,66000C691400
7058,66000C691800
7059,66000C692200
7060,66000C694800
7061,66000C695000
7062,66000C695600
7063,66000C696200
7064,66000C696600
7065,66000C698400
7066,66000C698800
7067,66000D382202
7068,670000K4370R
7069,670000K68510
7070,670000K7670A
7071,670000K7770H
7072,670000K92302
7073,670000T1280R
7074,67000C675600
7075,67000C681401
7076,67000C721000
7077,67000C721801
7078,67000C725200
7079,67000D311401
7080,67000D715006
7081,67000D715806
7082,67000D717401
7083,67000D717802
7084,67000D718800
7085,67000D719005
7086,67000D731001
7087,67000D732209
7088,67000D732406
7089,67000D734000
7090,67000D736201
7091,67000D738201
7092,67000D739403
7093,67000D741409
7094,67000D742601
7095,67000D74300I
7096,67000G116002
7097,67000G117203
7098,67000G117605
7099,67000G293203
7100,67000G293700
7101,67000G303404
7102,67000G369002
7103,67000G513101
7104,67000G513300
7105,67000G513501
7106,67000G513700
7107,67000G513900
7108,67000G609802
7109,67000G617608
7110,67000G630900
7111,67000G632201
7112,67000G63260A
7113,67000G633008
7114,67000G635901
7115,67000G636216
7116,67000G638900
7117,67000G639101
7118,67000G639701
7119,67000G644701
7120,67000G657201
7121,67000G657602
7122,67000G840901
7123,67000G841101
7124,67000G841300
7125,67000G841500
7126,67000G841901
7127,67000G842102
7128,67000G842300
7129,67000G842500
7130,67000G842701
7131,67000G842901
7132,67000G843300
7133,67000G843500
7134,67000G843700
7135,67000G843901
7136,67000G844101
7137,67000G844901
7138,67000K117340
7139,67000K92230A
7140,6a0000727904
7141,6a0000K37701
7142,6a000C793502
7143,6a000C795701
7144,6a000K92750F
7145,6a000K92910B
7146,6b0000K4580M
7147,6b0000K51242
7148,6b0000Z1120R
7149,6b0000Z3860H
7150,6b0000Z50208
7151,6b000C722200
7152,6b000C722402
7153,6b000C722802
7154,6b000C723101
7155,6b000C723201
7156,6b000C723302
7157,6b000C723401
7158,6b000C723502
7159,6b000C723601
7160,6b000C723802
7161,6b000C724102
7162,6b000C724202
7163,6b000C724402
7164,6b000C730101
7165,6b000C73020E
7166,6b000C730409
7167,6b000C73060A
7168,6b000C73080G
7169,6b000C73100A
7170,6b000C731209
7171,6b000C73140A
7172,6b000C73160A
7173,6b000C73180B
7174,6b000C73200B
7175,6b000C73220A
7176,6b000C73240A
7177,6b000C73260D
7178,6b000C73320B
7179,6b000C740100
7180,6b000C740500
7181,6b000C740900
7182,6b000C741300
7183,6b000C741700
7184,6b000C742100
7185,6b000C742500
7186,6b000C780203
7187,6b000C780404
7188,6b000C780606
7189,6b000C780802
7190,6b000C781002
7191,6b000C781402
7192,6b000C781806
7193,6b000C785203
7194,6b000C785402
7195,6b000C785602
7196,6b000C785802
7197,6b000C786006
7198,6b000C786202
7199,6b000C786402
7200,6b000C786603
7201,6b000D747301
7202,6b000D747600
7203,6b000D748000
7204,6b000S670103
7205,6b000S670203
7206,6b000S670303
7207,6b000S670403
7208,6b000S670503
7209,6b000S670603
7210,6b000S670703
7211,6b000S670804
7212,6b000S670903
7213,6b000S671003
7214,6b000S671103
7215,6b000S671200
7216,6b000S671304
7217,6b000S671403
7218,6b000S671503
7219,6b000S671603
7220,6b000S671703
7221,6b000S671803
7222,6b000S671903
7223,6b000S672003
7224,6b000S672103
7225,6b000S672203
7226,6b000S672903
7227,6b000S673003
7228,6b000S673103
7229,6b000S673203
7230,6b000S673303
7231,6b000S673403
7232,6b000S673503
7233,6b000S673603
7234,6b000S801707
7235,6b000S801909
7236,6b000S80210B
7237,6b000S802509
7238,6b000S802709
7239,6b000S802909
7240,6b000S803108
7241,6b000S803305
7242,6b000S80390B
7243,6b000S805304
7244,6b000S805506
7245,6b000S805708
7246,6b000S805906
7247,6b000S806107
7248,6b000S806306
7249,6b000S806505
7250,6b000S806705
7251,6b000S806909
7252,6b000S80710A
7253,6b000S80870A
7254,6b000S808909
7255,6b000S809109
7256,6b000S809309
7257,6b000S809509
7258,6b000S809709
7259,6b000S80990A
7260,6b000S810109
7261,6b000S810307
7262,6b000S81050K
7263,6b000S811316
7264,6b000S812115
7265,6b000S813306
7266,6b000S813506
7267,6b000S813707
7268,6b000S813906
7269,6b000S814108
7270,6b000S814308
7271,6b000S814506
7272,6b000S814706
7273,6b000S814906
7274,6b000S815102
7275,6b000S815305
7276,6b000Z80080U
7277,6c0000D57801
7278,6c0000D58201
7279,6c0000D58401
7280,6c0000D58600
7281,6c0000D59200
7282,6c0000D59402
7283,6c0000D59600
7284,6c0000D9371N
7285,6c0000G22401
7286,6c0000G22601
7287,6c0000G22801
7288,6c0000G23000
7289,6c0000G23300
7290,6c0000G24600
7291,6c0000G25400
7292,6c0000G26500
7293,6c0000G3060Q
7294,6c0000G31800
7295,6c0000G40401
7296,6c0000G41000
7297,6c0000G41400
7298,6c0000G42400
7299,6c0000G5020E
7300,6c0000G5040H
7301,6c0000G5060I
7302,6c0000G50803
7303,6c0000G5340E
7304,6c0000G5350F
7305,6c0000G5370C
7306,6c0000G53908
7307,6c0000G5460R
7308,6c0000G58802
7309,6c0000G63808
7310,6c0000G6960C
7311,6c0000G84205
7312,6c0000G8640J
7313,6c0000G94200
7314,6c0000G95200
7315,6c000C675110
7316,6c000C675501
7317,6c000C675903
7318,6c000C676701
7319,6c000C677107
7320,6c000C677502
7321,6c000C677920
7322,6c000C678307
7323,6c000C690509
7324,6c000C691306
7325,6c000C69190Y
7326,6c000C69210T
7327,6c000C69330T
7328,6c000C69350X
7329,6c000C693705
7330,6c000C693908
7331,6c000C694119
7332,6c000C694309
7333,6c000C69451L
7334,6c000C694704
7335,6c000C694905
7336,6c000C695112
7337,6c000C69530R
7338,6c000C69550N
7339,6c000C69570L
7340,6c000C695906
7341,6c000C696105
7342,6c000C696307
7343,6c000C696704
7344,6c000C696906
7345,6c000C697102
7346,6c000C697304
7347,6c000C697504
7348,6c000C697902
7349,6c000C69811U
7350,6c000C69831W
7351,6c000C69852F
7352,6c000C698719
7353,6c000C699701
7354,6c000C699902
7355,6c000C72092J
7356,6c000C721307
7357,6c000C721705
7358,6c000C725101
7359,6c000C76010S
7360,6c000C76030L
7361,6c000C760511
7362,6c000C76070Z
7363,6c000C76090L
7364,6c000C76110F
7365,6c000C76130Q
7366,6c000C76150I
7367,6c000C76170J
7368,6c000C76190H
7369,6c000C76230X
7370,6c000C76250L
7371,6c000C76290R
7372,6c000C76310L
7373,6c000C76330L
7374,6c000C76350E
7375,6c000C76370H
7376,6c000C76390I
7377,6c000C764112
7378,6c000C76450O
7379,6c000C76510L
7380,6c000C76530M
7381,6c000C76570Y
7382,6c000C76590K
7383,6c000C76610T
7384,6c000C76630H
7385,6c000C76670I
7386,6c000C767113
7387,6c000C76750K
7388,6c000C76770T
7389,6c000C76810K
7390,6c000C76850J
7391,6c000C76890E
7392,6c000C76910E
7393,6c000C76930X
7394,6c000C76970E
7395,6c000C77010G
7396,6c000C77030L
7397,6c000C77090S
7398,6c000C771321
7399,6c000C771510
7400,6c000C771710
7401,6c000C771910
7402,6c000C77210V
7403,6c000C772311
7404,6c000C77251M
7405,6c000C77271K
7406,6c000C77291G
7407,6c000C773121
7408,6c000C77330H
7409,6c000C77370D
7410,6c000C773907
7411,6c000C885300
7412,6c000C886103
7413,6c000C886310
7414,6c000C886502
7415,6c000C887501
7416,6c000C887902
7417,6c000C888000
7418,6c000C888305
7419,6c000D178802
7420,6c000D180406
7421,6c000D18060L
7422,6c000D180804
7423,6c000D18100I
7424,6c000D181407
7425,6c000D182005
7426,6c000D183803
7427,6c000D184004
7428,6c000D185403
7429,6c000D186007
7430,6c000D18620F
7431,6c000D18640D
7432,6c000D186604
7433,6c000D18680B
7434,6c000D187605
7435,6c000D18820H
7436,6c000D189200
7437,6c000D190000
7438,6c000D29360C
7439,6c000D29480C
7440,6c000D29660F
7441,6c000D36020D
7442,6c000D36060H
7443,6c000D36100K
7444,6c000D36140O
7445,6c000D36160F
7446,6c000D36180F
7447,6c000D36260V
7448,6c000D36280G
7449,6c000D36300G
7450,6c000D36340K
7451,6c000D36360F
7452,6c000D36400N
7453,6c000D364408
7454,6c000D364803
7455,6c000D36560B
7456,6c000D365809
7457,6c000D366204
7458,6c000D368007
7459,6c000D37060P
7460,6c000D37100C
7461,6c000D37140E
7462,6c000D37220H
7463,6c000D37260N
7464,6c000D373009
7465,6c000D374207
7466,6c000D37520K
7467,6c000D37540G
7468,6c000D37580I
7469,6c000D37600G
7470,6c000D37620K
7471,6c000D37640H
7472,6c000D37820E
7473,6c000D37860B
7474,6c000D379004
7475,6c000D38020M
7476,6c000D38100D
7477,6c000D38140H
7478,6c000D38180J
7479,6c000D382610
7480,6c000D38300J
7481,6c000D38460C
7482,6c000D385008
7483,6c000D38540B
7484,6c000D38580F
7485,6c000D38620E
7486,6c000D387400
7487,6c000D39610B
7488,6c000D710100
7489,6c000D712901
7490,6c000D713306
7491,6c000D713906
7492,6c000D71850A
7493,6c000G10520A
7494,6c000G11120Q
7495,6c000G11161V
7496,6c000G11260A
7497,6c000G113630
7498,6c000G11400M
7499,6c000G116220
7500,6c000G116408
7501,6c000G117406
7502,6c000G11840B
7503,6c000G12160K
7504,6c000G12900A
7505,6c000G13420P
7506,6c000G13440O
7507,6c000G13460N
7508,6c000G13620M
7509,6c000G13640A
7510,6c000G136603
7511,6c000G14040M
7512,6c000G14340C
7513,6c000G144405
7514,6c000G148803
7515,6c000G150708
7516,6c000G15540A
7517,6c000G158005
7518,6c000G16070G
7519,6c000G162304
7520,6c000G164603
7521,6c000G16920G
7522,6c000G17420E
7523,6c000G174608
7524,6c000G17480D
7525,6c000G177409
7526,6c000G17780E
7527,6c000G178403
7528,6c000G205609
7529,6c000G207802
7530,6c000G21050F
7531,6c000G21150C
7532,6c000G21170F
7533,6c000G21250C
7534,6c000G213107
7535,6c000G21510R
7536,6c000G216401
7537,6c000G21810D
7538,6c000G223201
7539,6c000G224003
7540,6c000G224600
7541,6c000G225003
7542,6c000G226401
7543,6c000G226600
7544,6c000G22700A
7545,6c000G227201
7546,6c000G227603
7547,6c000G23140E
7548,6c000G23180G
7549,6c000G23480A
7550,6c000G276001
7551,6c000G295001
7552,6c000G295201
7553,6c000G333400
7554,6c000G333800
7555,6c000G37040B
7556,6c000G370605
7557,6c000G370804
7558,6c000G371205
7559,6c000G371403
7560,6c000G371820
7561,6c000G372203
7562,6c000G372400
7563,6c000G372804
7564,6c000G373003
7565,6c000G374600
7566,6c000G374802
7567,6c000G376001
7568,6c000G379600
7569,6c000G380900
7570,6c000G381300
7571,6c000G383000
7572,6c000G388602
7573,6c000G566704
7574,6c000G60010S
7575,6c000G60030C
7576,6c000G600501
7577,6c000G60070S
7578,6c000G600900
7579,6c000G60110U
7580,6c000G60130X
7581,6c000G60150W
7582,6c000G60230U
7583,6c000G60250R
7584,6c000G60270T
7585,6c000G60290A
7586,6c000G60350I
7587,6c000G603708
7588,6c000G608904
7589,6c000G610120
7590,6c000G61050J
7591,6c000G610718
7592,6c000G61093C
7593,6c000G611140
7594,6c000G61130I
7595,6c000G61230D
7596,6c000G612948
7597,6c000G613503
7598,6c000G613606
7599,6c000G613702
7600,6c000G614905
7601,6c000G61520G
7602,6c000G615305
7603,6c000G615403
7604,6c000G61680D
7605,6c000G617101
7606,6c000G617404
7607,6c000G61750I
7608,6c000G618307
7609,6c000G619105
7610,6c000G619506
7611,6c000G62010I
7612,6c000G62031A
7613,6c000G62050S
7614,6c000G62070I
7615,6c000G621113
7616,6c000G62150H
7617,6c000G621918
7618,6c000G622317
7619,6c000G62253B
7620,6c000G622910
7621,6c000G62310V
7622,6c000G62350W
7623,6c000G62371N
7624,6c000G624121
7625,6c000G62430O
7626,6c000G625118
7627,6c000G62530G
7628,6c000G62550U
7629,6c000G626308
7630,6c000G62651I
7631,6c000G63010O
7632,6c000G630707
7633,6c000G63130L
7634,6c000G63210B
7635,6c000G63250L
7636,6c000G63290O
7637,6c000G63410D
7638,6c000G63490E
7639,6c000G63530C
7640,6c000G63611C
7641,6c000G63790P
7642,6c000G63950S
7643,6c000G64010A
7644,6c000G64030B
7645,6c000G64050G
7646,6c000G641304
7647,6c000G64150H
7648,6c000G64190M
7649,6c000G643508
7650,6c000G64410A
7651,6c000G644500
7652,6c000G64510D
7653,6c000G64550I
7654,6c000G64590C
7655,6c000G646709
7656,6c000G647109
7657,6c000G647708
7658,6c000G648108
7659,6c000G64830A
7660,6c000G649106
7661,6c000G649906
7662,6c000G65010B
7663,6c000G65030B
7664,6c000G65050A
7665,6c000G65070H
7666,6c000G65090D
7667,6c000G65110G
7668,6c000G65130I
7669,6c000G65150D
7670,6c000G65170B
7671,6c000G65190F
7672,6c000G65210F
7673,6c000G652310
7674,6c000G65250C
7675,6c000G65270E
7676,6c000G65290A
7677,6c000G653110
7678,6c000G65330C
7679,6c000G65350F
7680,6c000G65370E
7681,6c000G65390G
7682,6c000G65810F
7683,6c000G65830A
7684,6c000G65850C
7685,6c000G658708
7686,6c000G844503
7687,6c000G9541DA
7688,6d000C723001
7689,6d000C724001
7690,6d000C724602
7691,6d000C730303
7692,6d000C73050B
7693,6d000C730703
7694,6d000C730906
7695,6d000C73110F
7696,6d000C73130A
7697,6d000C73150A
7698,6d000C73170A
7699,6d000C73190B
7700,6d000C73210H
7701,6d000C73230A
7702,6d000C73270D
7703,6d000C73290E
7704,6d000C73310A
7705,6d000C73330L
7706,6d000C73390D
7707,6d000C740700
7708,6d000C741100
7709,6d000C741500
7710,6d000C741900
7711,6d000C742300
7712,6d000C742700
7713,6d000C782202
7714,6d000C782402
7715,6d000C782602
7716,6d000C782802
7717,6d000C783002
7718,6d000C783403
7719,6d000C783601
7720,6d000C783802
7721,6d000C784002
7722,6d000C784200
7723,6d000C787101
7724,6d000C787302
7725,6d000C787501
7726,6d000C787701
7727,6d000C787901
7728,6d000C788102
7729,6d000C788301
7730,6d000C788502
7731,6d000C788701
7732,6d000C788901
7733,6d000D747101
7734,6d000D747501
7735,6d000D747700
7736,6d000S800209
7737,6d000S800409
7738,6d000S800609
7739,6d000S800809
7740,6d000S801008
7741,6d000S801209
7742,6d000S801409
7743,6d000S801609
7744,6d000S80180B
7745,6d000S80200B
7746,6d000S80240C
7747,6d000S80260E
7748,6d000S80280B
7749,6d000S80300B
7750,6d000S80320A
7751,6d000S80360D
7752,6d000S80380B
7753,6d000S80400D
7754,6d000S80420C
7755,6d000S80440C
7756,6d000S804609
7757,6d000S805409
7758,6d000S805609
7759,6d000S805808
7760,6d000S80600A
7761,6d000S806209
7762,6d000S806407
7763,6d000S806606
7764,6d000S806806
7765,6d000S807009
7766,6d000S807209
7767,6d000S80880A
7768,6d000S809009
7769,6d000S809208
7770,6d000S809409
7771,6d000S809609
7772,6d000S80980A
7773,6d000S81000A
7774,6d000S810208
7775,6d000S81040K
7776,6d000S81080L
7777,6d000S81100K
7778,6d000S811215
7779,6d000S811615
7780,6d000S811815
7781,6d000S812015
7782,6d000S812415
7783,6d000S81260T
7784,6d000S812807
7785,6d000S813007
7786,6d000S813206
7787,6d000S813406
7788,6d000S813606
7789,6d000S813806
7790,6d000S814006
7791,6d000S814208
7792,6d000S814408
7793,6d000S814606
7794,6d000S814806
7795,6d000S815005
7796,6d000S815206
7797,6d000S815405
7798,6e0000D92411
7799,6e0000D9420Z
7800,6e0000D94802
7801,6e0000G39800
7802,6e0000G54408
7803,6e000C76020L
7804,6e000C76040I
7805,6e000C76060O
7806,6e000C76080O
7807,6e000C76100K
7808,6e000C76120Y
7809,6e000C76140V
7810,6e000C76160I
7811,6e000C76180H
7812,6e000C76200U
7813,6e000C76220K
7814,6e000C76240N
7815,6e000C76260N
7816,6e000C76300L
7817,6e000C763213
7818,6e000C763410
7819,6e000C76360T
7820,6e000C76380L
7821,6e000C76400M
7822,6e000C76420L
7823,6e000C76440H
7824,6e000C76460P
7825,6e000C764813
7826,6e000C76520T
7827,6e000C765618
7828,6e000C76580F
7829,6e000C76600J
7830,6e000C76620L
7831,6e000C766412
7832,6e000C76660I
7833,6e000C76680O
7834,6e000C76700I
7835,6e000C76720S
7836,6e000C76740I
7837,6e000C767815
7838,6e000C768012
7839,6e000C76820H
7840,6e000C76840R
7841,6e000C76880M
7842,6e000C76900F
7843,6e000C76920L
7844,6e000C76940K
7845,6e000C76960B
7846,6e000C76980F
7847,6e000C77000P
7848,6e000C77040K
7849,6e000C77060S
7850,6e000C77080P
7851,6e000C77100S
7852,6e000C77120M
7853,6e000C77160Z
7854,6e000C77200Z
7855,6e000C77220V
7856,6e000C772410
7857,6e000C77261C
7858,6e000C77281A
7859,6e000C77301B
7860,6e000D188801
7861,6e000D36080F
7862,6e000D364600
7863,6e000D366603
7864,6e000D384209
7865,6e000D710200
7866,6e000D711200
7867,6e000D711600
7868,6e000D713002
7869,6e000D71320Q
7870,6e000D713404
7871,6e000D713801
7872,6e000D714007
7873,6e000D719202
7874,6e000G102202
7875,6e000G104400
7876,6e000G130207
7877,6e000G375003
7878,6e000G379200
7879,6e000G387600
7880,6e000G61080M
7881,6e000G615608
7882,6e000G633402
7883,6e000G63400I
7884,6e000S382104
7885,6e000S382204
7886,6e000S382305
7887,6e000S382404
7888,6e000S382506
7889,6e000S382606
7890,6e000S382706
7891,6e000S382905
7892,6e000S383005
7893,6e000S383106
7894,6e000S383204
7895,6e000S383305
7896,6e000S383405
7897,6e000S383504
7898,6e000S383606
7899,6e000S383706
7900,6e000S383805
7901,6e000S383905
7902,6e000S384006
7903,6e000S384106
7904,6e000S384205
7905,6e000S384306
7906,6e000S384405
7907,6e000S384505
7908,6e000S384605
7909,6e000S384705
7910,6e000S384806
7911,6e000S384905
7912,6e000S385005
7913,6e000S385106
7914,6e000S385205
7915,6e000S385305
7916,6e000S385406
7917,6e000S385505
7918,6e000S385606
7919,6e000S385706
7920,6e000S385805
7921,6e000S385906
7922,6e000S386006
7923,6e000S386106
7924,6e000S386206
7925,6e000S386305
7926,6e000S386406
7927,6e000S386505
7928,6e000S386606
7929,6e000S386706
7930,6e000S386805
7931,6e000S386905
7932,6e000S387005
7933,6e000S387105
7934,6e000S387205
7935,6e000S387305
7936,6e000S387405
7937,6e000S387605
7938,6e000S387705
7939,6e000S387805
7940,6e000S387905
7941,6e000S388005
7942,6e000S388105
7943,6e000S388305
7944,6e000S388404
7945,6e000S388504
7946,6e000S388604
7947,6e000S388704
7948,6e000S388804
7949,6e000S389004
7950,6e000S389101
7951,6e000S389202
7952,6e000S389301
7953,6e000S389402
7954,6e000S389502
7955,6e000S389702
7956,6e000S389802
7957,6e000S389902
7958,6e000S390002
7959,6e000S390201
7960,6e000S390301
7961,6e000S390401
7962,6e000S390501
7963,6e000S390601
7964,6i0000D3780C
7965,6i0000D66205
7966,6i0000D66405
7967,6i0000D66601
7968,6i0000D66807
7969,6i0000D67211
7970,6i0000D6742D
7971,6i0000D6760D
7972,6i0000D6840T
7973,6i0000D6862M
7974,6i0000D6880B
7975,6i0000D6900E
7976,6i0000D69400
7977,6i0000D69605
7978,6i0000D9021G
7979,6i0000D96400
7980,6i0000G30200
7981,6i0000G39000
7982,6i0000G39200
7983,6i0000G39400
7984,6i0000G39600
7985,6i0000G40000
7986,6i0000G40800
7987,6i0000G63630
7988,6i0000G69806
7989,6i0000G70001
7990,6i0000G83800
7991,6i0000G84601
7992,6i0000G94600
7993,6i0000G99804
7994,6i000C729210
7995,6i000C729410
7996,6i000C729607
7997,6i000C730000
7998,6i000C885610
7999,6i000C88580E
8000,6i000C886002
8001,6i000C887001
8002,6i000D22900F
8003,6i000D229413
8004,6i000D22980Q
8005,6i000D23020U
8006,6i000D23040W
8007,6i000D23060R
8008,6i000D231213
8009,6i000D232615
8010,6i000D23300S
8011,6i000D235215
8012,6i000D23540S
8013,6i000D23560G
8014,6i000D23620E
8015,6i000D238802
8016,6i000D31080Y
8017,6i000D31260P
8018,6i000D33080D
8019,6i000D33340F
8020,6i000D33360F
8021,6i000D33380B
8022,6i000D33400J
8023,6i000D33440H
8024,6i000D730401
8025,6i000D73060B
8026,6i000D731809
8027,6i000D733602
8028,6i000D734207
8029,6i000D734609
8030,6i000D736401
8031,6i000D736600
8032,6i000D74040K
8033,6i000D740609
8034,6i000D74160O
8035,6i000D741810
8036,6i000D742830
8037,6i000D74320B
8038,6i000D743401
8039,6i000D744006
8040,6i000D748601
8041,6i000D748800
8042,6i000D749001
8043,6i000D755805
8044,6i000D756005
8045,6i000D756205
8046,6i000D756400
8047,6i000D756600
8048,6i000D756805
8049,6i000D757004
8050,6i000D757205
8051,6i000D757402
8052,6i000D757604
8053,6i000D757805
8054,6i000D758005
8055,6i000D758208
8056,6i000D758401
8057,6i000D759209
8058,6i000D75940B
8059,6i000D759609
8060,6i000D759808
8061,6i000G10020J
8062,6i000G10040J
8063,6i000G10060J
8064,6i000G10080O
8065,6i000G10100Q
8066,6i000G10120H
8067,6i000G102601
8068,6i000G10280C
8069,6i000G10320M
8070,6i000G10360C
8071,6i000G104006
8072,6i000G109600
8073,6i000G115205
8074,6i000G118603
8075,6i000G119005
8076,6i000G119205
8077,6i000G131009
8078,6i000G13120L
8079,6i000G141005
8080,6i000G16020O
8081,6i000G21380A
8082,6i000G224403
8083,6i000G22680A
8084,6i000G228210
8085,6i000G26980C
8086,6i000G270404
8087,6i000G270805
8088,6i000G271010
8089,6i000G271208
8090,6i000G271800
8091,6i000G274009
8092,6i000G274205
8093,6i000G27440R
8094,6i000G276407
8095,6i000G276609
8096,6i000G277206
8097,6i000G277620
8098,6i000G27860B
8099,6i000G279410
8100,6i000G29020I
8101,6i000G29040I
8102,6i000G29080F
8103,6i000G291609
8104,6i000G291803
8105,6i000G29220E
8106,6i000G293008
8107,6i000G294202
8108,6i000G294401
8109,6i000G294604
8110,6i000G295602
8111,6i000G296209
8112,6i000G297603
8113,6i000G302202
8114,6i000G31420D
8115,6i000G332802
8116,6i000G373202
8117,6i000G378601
8118,6i000G560307
8119,6i000G560708
8120,6i000G560904
8121,6i000G561704
8122,6i000G561902
8123,6i000G562104
8124,6i000G562304
8125,6i000G562502
8126,6i000G562705
8127,6i000G562902
8128,6i000G563105
8129,6i000G563303
8130,6i000G563503
8131,6i000G563703
8132,6i000G563902
8133,6i000G564103
8134,6i000G564302
8135,6i000G564504
8136,6i000G564704
8137,6i000G564903
8138,6i000G565103
8139,6i000G565306
8140,6i000G565504
8141,6i000G565702
8142,6i000G566903
8143,6i000G580105
8144,6i000G580503
8145,6i000G580704
8146,6i000G580903
8147,6i000G581100
8148,6i000G581303
8149,6i000G581503
8150,6i000G581704
8151,6i000G581905
8152,6i000G582103
8153,6i000G582304
8154,6i000G582504
8155,6i000G582704
8156,6i000G582904
8157,6i000G583102
8158,6i000G585700
8159,6i000G585900
8160,6i000G586100
8161,6i000G60020G
8162,6i000G600410
8163,6i000G600602
8164,6i000G600801
8165,6i000G601000
8166,6i000G60120O
8167,6i000G60140V
8168,6i000G60180P
8169,6i000G60220I
8170,6i000G60240O
8171,6i000G60260W
8172,6i000G602823
8173,6i000G603010
8174,6i000G60320I
8175,6i000G60340F
8176,6i000G60360K
8177,6i000G604220
8178,6i000G60580A
8179,6i000G606604
8180,6i000G606805
8181,6i000G60720K
8182,6i000G607608
8183,6i000G610005
8184,6i000G612603
8185,6i000G618005
8186,6i000G62020M
8187,6i000G62041A
8188,6i000G62060T
8189,6i000G62080W
8190,6i000G62100M
8191,6i000G62120W
8192,6i000G62160B
8193,6i000G62181Y
8194,6i000G62261S
8195,6i000G62280D
8196,6i000G623011
8197,6i000G62340S
8198,6i000G62360L
8199,6i000G623822
8200,6i000G62401E
8201,6i000G62420R
8202,6i000G62440J
8203,6i000G625010
8204,6i000G62560A
8205,6i000G62580L
8206,6i000G62620B
8207,6i000G62641D
8208,6i000G62660C
8209,6i000G633602
8210,6i000G641220
8211,6i000G845203
8212,6i000G845810
8213,6i000G979900
8214,6j0000D91700
8215,6j0000D92508
8216,6j0000G42100
8217,6j000C675300
8218,6j000C676100
8219,6j000C676501
8220,6j000C676900
8221,6j000C677300
8222,6j000C678100
8223,6j000C729310
8224,6j000C729506
8225,6j000C885100
8226,6j000C886801
8227,6j000D328801
8228,6j000D710503
8229,6j000D711501
8230,6j000D716304
8231,6j000D718103
8232,6j000D730303
8233,6j000D730505
8234,6j000D730706
8235,6j000D731703
8236,6j000D732810
8237,6j000D733105
8238,6j000D734502
8239,6j000D734800
8240,6j000D736700
8241,6j000D743301
8242,6j000G269107
8243,6j000G279903
8244,6j000G289700
8245,6j000G296702
8246,6j000G565903
8247,6j000G60390F
8248,6j000G609109
8249,6j000G614304
8250,6j000G617310
8251,6j000G618506
8252,6j000G63030D
8253,6j000G63150I
8254,6j000G63470F
8255,6k0000D9220O
8256,6k000C690409
8257,6k000C690615
8258,6k000C691203
8259,6k000C691607
8260,6k000C69201M
8261,6k000C692403
8262,6k000C692611
8263,6k000C69280Q
8264,6k000C693605
8265,6k000C693806
8266,6k000C694008
8267,6k000C694205
8268,6k000C694605
8269,6k000C69541G
8270,6k000C696004
8271,6k000C696805
8272,6k000C697006
8273,6k000C69742R
8274,6k000C69760H
8275,6k000C698003
8276,6k000C69821U
8277,6k000C698617
8278,6k000D182606
8279,6k000D711403
8280,6k000G604635
8281,6l0000D9110B
8282,6l000C729101
8283,6l000C729900
8284,6l000C885500
8285,6l000C885700
8286,6l000D227904
8287,6l000D228502
8288,6l000D234102
8289,6l000D234505
8290,6l000D240106
8291,6l000D240906
8292,6l000D242109
8293,6l000D710302
8294,6l000D736500
8295,6l000D739302
8296,6l000D741700
8297,6l000G619303
8298,6l000G619700
8299,6n000S680106
8300,6n000S680506
8301,6n000S680709
8302,6n000S680902
8303,6n000S681103
8304,6n000S681500
8305,6n000S681700
8306,6n000S682100
8307,6n000S700400
8308,6n000S701200
8309,6n000S701600
8310,6n000S701800
8311,6n000S780104
8312,6n000S78020C
8313,6n000S780307
8314,6n000S78040A
8315,6n000S780504
8316,6n000S78080A
8317,6n000S780903
8318,6n000S781009
8319,6n000S781206
8320,6n000S781300
8321,6n000S781500
8322,6n000S781701
8323,6n000S781901
8324,6n000S782103
8325,6n000S782501
8326,6n000S79040A
8327,6n000S79060A
8328,6n000S79080F
8329,6n000S79100L
8330,6n000S79140C
8331,6n000S791607
8332,6n000S79180B
8333,6n000S792009
8334,6n000S79240C
8335,6n000S79280F
8336,6n000S793007
8337,6n000S793408
8338,6n000S79380I
8339,6n000S79400N
8340,6n000S794209
8341,6n000S794407
8342,6n000S794609
8343,6n000S794807
8344,6n000S79500I
8345,6n000S79540B
8346,6n000S79560J
8347,6n000S79600M
8348,6n000S79620D
8349,6n000S796407
8350,6n000S796803
8351,6n000S797006
8352,6n000S797205
8353,6n000S797405
8354,6n000S79780E
8355,6n000S798006
8356,6n000S798204
8357,6n000S798404
8358,6n000S798804
8359,6r000G518101
8360,6t000C470203
8361,6t000C470303
8362,6t000C470404
8363,6t000C470501
8364,6t000C470604
8365,6t000C470701
8366,6t000C471206
8367,6t000C471301
8368,6t000C471407
8369,6t000C471501
8370,6t000C471606
8371,6t000C472101
8372,6t000C472207
8373,6t000C472301
8374,6t000C472408
8375,6t000C472501
8376,6t000C472607
8377,6t000C472730
8378,6t000C473108
8379,6t000C473206
8380,6t000C473301
8381,6t000C473407
8382,6t000C473500
8383,6t000C473609
8384,6t000C473807
8385,6t000C474109
8386,6t000C474208
8387,6t000C474300
8388,6t000C474407
8389,6t000C474500
8390,6t000C475210
8391,6t000C475301
8392,6t000C475407
8393,6t000C475500
8394,6t000C475607
8395,6t000C475701
8396,6t000C476250
8397,6t000C476300
8398,6t000C476405
8399,6t000C476500
8400,6t000C476606
8401,6t000C476700
8402,6t000C477206
8403,6t000C477303
8404,6t000C477407
8405,6t000C477504
8406,6t000C477606
8407,6t000C477704
8408,6t000C477806
8409,6t000C477904
8410,6t000C478208
8411,6t000C478407
8412,6t000C478607
8413,6t000C478704
8414,6t000C478805
8415,6t000C478904
8416,6t000C479005
8417,6t000C479106
8418,6t000C480204
8419,6t000C480404
8420,6t000C480605
8421,6t000C480806
8422,6t000C481004
8423,6t000C481206
8424,6t000C482004
8425,6t000C482205
8426,6t000C482406
8427,6t000C482606
8428,6t000C482805
8429,6t000C482900
8430,6t000C483110
8431,6t000C484100
8432,6t000C484205
8433,6t000C484300
8434,6t000C484405
8435,6t000C484500
8436,6t000C484606
8437,6t000C484700
8438,6t000C484804
8439,6t000C484900
8440,6t000C485005
8441,6t000C485100
8442,6t000C485206
8443,6t000C49020F
8444,6t000C49030G
8445,6t000C49040J
8446,6t000C49050E
8447,6t000C49060I
8448,6t000C49070E
8449,6t000C49080C
8450,6t000C490909
8451,6t000C491004
8452,6t000C491104
8453,6t000C491207
8454,6t000C492002
8455,6t000C492102
8456,6t000C492208
8457,6t000C492303
8458,6t000C492407
8459,6t000C492504
8460,6t000C492607
8461,6t000C492703
8462,6t000C492805
8463,6t000C492903
8464,6t000C493100
8465,6t000C494102
8466,6t000C494207
8467,6t000C494301
8468,6t000C494407
8469,6t000C494501
8470,6t000C494606
8471,6t000C494702
8472,6t000C494806
8473,6t000C494901
8474,6t000C495003
8475,6t000C495103
8476,6t000C496110
8477,6t000C496203
8478,6t000C496301
8479,6t000C496403
8480,6t000C496501
8481,6t000C496606
8482,6t000C496701
8483,6t000C496806
8484,6t000C496901
8485,6t000C497008
8486,6t000C497101
8487,6t000C682110
8488,6t000C682205
8489,6t000C682302
8490,6t000C682404
8491,6t000C682502
8492,6t000C682605
8493,6t000C682703
8494,6t000C682806
8495,6t000C682903
8496,6t000C683006
8497,6t000C683104
8498,6t000C68320L
8499,6t000C683304
8500,6t000C68340K
8501,6t000C683503
8502,6t000C683606
8503,6t000C683710
8504,6t000C68380J
8505,6t000C683902
8506,6t000C684030
8507,6t000C684103
8508,6t000C68420K
8509,6t000C684303
8510,6t000C684405
8511,6t000C68450H
8512,6t000C684607
8513,6t000C684703
8514,6t000C684807
8515,6t000C684903
8516,6t000C685005
8517,6t000C68510G
8518,6t000C685205
8519,6t000C68530G
8520,6t000C685409
8521,6t000C685502
8522,6t000C685602
8523,6t000C685702
8524,6t000C685803
8525,6t000C68700K
8526,6t000C68710K
8527,6t000C68720N
8528,6t000C68730I
8529,6t000C68740M
8530,6t000C68750L
8531,6t000C68760N
8532,6t000C68770J
8533,6t000C68780N
8534,6t000C68790K
8535,6t000C68800B
8536,6t000C688105
8537,6t000C688209
8538,6t000C688305
8539,6t000C68840A
8540,6t000C688505
8541,6t000C688609
8542,6t000C688706
8543,6t000S470204
8544,6t000S470304
8545,6t000S470405
8546,6t000S470504
8547,6t000S470610
8548,6t000S471203
8549,6t000S471302
8550,6t000S471402
8551,6t000S471506
8552,6t000S471602
8553,6t000S472203
8554,6t000S472301
8555,6t000S472401
8556,6t000S472502
8557,6t000S472601
8558,6t000S473203
8559,6t000S473303
8560,6t000S473404
8561,6t000S473505
8562,6t000S473603
8563,6t000S474102
8564,6t000S474203
8565,6t000S474304
8566,6t000S474403
8567,6t000S474503
8568,6t000S475101
8569,6t000S475204
8570,6t000S475303
8571,6t000S475404
8572,6t000S475505
8573,6t000S476110
8574,6t000S476202
8575,6t000S476301
8576,6t000S476402
8577,6t000S476501
8578,6t000S477104
8579,6t000S477204
8580,6t000S477304
8581,6t000S477404
8582,6t000S477503
8583,6t000S478101
8584,6t000S478203
8585,6t000S478305
8586,6t000S478402
8587,6t000S478501
8588,6t000S479203
8589,6t000S479303
8590,6t000S479402
8591,6t000S479501
8592,6t000S479601
8593,6t000S479701
8594,6t000S480202
8595,6t000S480302
8596,6t000S480402
8597,6t000S480502
8598,6t000S480603
8599,6t000S480702
8600,6t000S480802
8601,6t000S480902
8602,6t000S481001
8603,6t000S481103
8604,6t000S482100
8605,6t000S482210
8606,6t000S482302
8607,6t000S482402
8608,6t000S482502
8609,6t000S482603
8610,6t000S482702
8611,6t000S482803
8612,6t000S482901
8613,6t000S483210
8614,6t000S483303
8615,6t000S483403
8616,6t000S483503
8617,6t000S483604
8618,6t000S483710
8619,6t000S483801
8620,6t000S483901
8621,6t000S484001
8622,6t000S484110
8623,6t000S484305
8624,6t000S490201
8625,6t000S490301
8626,6t000S490401
8627,6t000S490501
8628,6t000S490601
8629,6t000S490701
8630,6t000S490801
8631,6t000S490901
8632,6t000S491001
8633,6t000S491101
8634,6t000S491201
8635,6t000S491301
8636,6t000S491400
8637,6t000S491501
8638,6t000S491601
8639,6t000S491701
8640,6t000S491801
8641,6t000S491901
8642,6t000S492001
8643,6t000S492101
8644,6t000S492201
8645,6t000S492301
8646,6t000S492401
8647,6t000S492501
8648,6t000S492601
8649,6t000S492702
8650,6t000S493001
8651,6t000S493101
8652,6t000S493201
8653,6t000S493301
8654,6t000S493402
8655,6t000S493501
8656,6t000S493601
8657,6t000S493701
8658,6t000S494001
8659,6t000S494101
8660,6t000S494201
8661,6t000S494301
8662,6t000S494401
8663,6t000S494501
8664,6t000S494601
8665,6t000S494701
8666,6t000S494802
8667,6t000S495001
8668,6t000S495100
8669,6t000S495200
8670,6t000S495300
8671,6t000S495400
8672,6t000S495500
8673,6t000S495600
8674,6t000S495700
8675,6t000S495800
8676,6t000S495900
8677,6t000S496000
8678,6t000S496100
8679,6t000S496200
8680,6t000S496300
8681,6t000S496400
8682,6t000S496500
8683,6t000S496600
8684,6u0000G24800
8685,6u0000G25200
8686,6u000G110600
8687,6u000G513201
8688,6u000G513400
8689,6u000G513600
8690,6u000G513800
8691,6u000G514000
8692,6u000G514200
8693,6u000G514600
8694,6u000G515000
8695,6u000G515400
8696,6u000G515800
8697,6u000G517002
8698,6u000G517400
8699,6u000G518200
8700,6u000G518600
8701,6u000G519202
8702,6u000G519403
8703,6u000G519601
8704,6u000G520801
8705,6u000G521603
8706,6u000G521805
8707,6u000G522003
8708,6u000G523201
8709,6u000G524002
8710,6u000G524402
8711,6u000G568201
8712,6u000G568402
8713,6u000G568602
8714,6u000G568802
8715,6u000G569002
8716,6u000G569202
8717,6u000G569402
8718,6x0000G30401
8719,6x0000G38601
8720,6x0000G38801
8721,6x0000G89600
8722,6x0000G89806
8723,6x0000G90009
8724,6x0000G90200
8725,6x0000G90400
8726,6x0000G90600
8727,6x0000G90800
8728,6x0000G91401
8729,6x0000G91800
8730,6x0000G92000
8731,6x0000G92201
8732,6x0000G92400
8733,6x0000G92600
8734,6x0000G92800
8735,6x000G56040A
8736,6x000G560807
8737,6x000G561208
8738,6x000G561408
8739,6x000G561805
8740,6x000G562007
8741,6x000G562207
8742,6x000G562404
8743,6x000G562607
8744,6x000G562806
8745,6x000G563007
8746,6x000G563206
8747,6x000G563406
8748,6x000G563605
8749,6x000G563808
8750,6x000G564006
8751,6x000G564205
8752,6x000G564406
8753,6x000G564605
8754,6x000G564807
8755,6x000G565007
8756,6x000G565208
8757,6x000G565408
8758,6x000G565604
8759,6x000G565802
8760,6x000G566001
8761,6x000G567003
8762,6x000G580606
8763,6x000G580806
8764,6x000G581005
8765,6x000G581203
8766,6x000G581407
8767,6x000G581607
8768,6x000G581807
8769,6x000G582004
8770,6x000G582205
8771,6x000G582407
8772,6x000G582607
8773,6x000G582807
8774,6x000G583007
8775,6x000G583207
8776,6x000G585803
8777,6x000G586002
8778,6x000G586204
8779,6x000G604805
8780,6x000G608005
8781,6x000G61140C
8782,6x000G639002
8783,6x000G639209
8784,6x000G639801
8785,6x000G65020B
8786,6x000G650409
8787,6x000G65060A
8788,6x000G650809
8789,6x000G65100A
8790,6x000G651209
8791,6x000G651409
8792,6x000G65160E
8793,6x000G651807
8794,6x000G652005
8795,6x000G652208
8796,6x000G652408
8797,6x000G65260C
8798,6x000G65280A
8799,6x000G653009
8800,6x000G653207
8801,6x000G653408
8802,6x000G65360C
8803,6x000G65380C
8804,6x000G654007
8805,6x000G654608
8806,6x000G65480A
8807,6x000G65500B
8808,6x000G65520B
8809,6x000G655409
8810,6x000G65560A
8811,6x000G65580C
8812,6x000G65600B
8813,6x000G65620D
8814,6x000G65640B
8815,6x000G656607
8816,6x000G656804
8817,6x000G657005
8818,6x000G657401
8819,6x000G657802
8820,6x000G65800A
8821,6x000G65820C
8822,6x000G658408
8823,6x000G65860D
8824,6x000G65880F
8825,6x000G659000
8826,6y000C691000
8827,6y000C693400
8828,6y000C695200
8829,6y000C695800
8830,6y000C696401
8831,6y000C697800
8832,6y000C699800
8833,6y000C700000
8834,6y000C773205
8835,6y000C77341N
8836,6y000C773804
8837,6y000C774008
8838,6z000C885910
8839,6z000D732903
8840,6z000D733303
8841,6z000D733503
8842,6z000D733702
8843,6z000D734701
8844,6z000G302502
8845,6z000G63390D
8846,6z000G635107
8847,6z000G63550C
8848,6z000G658900
8849,6z000G659401
8850,6z000G845103
8851,6z000G846101
8852,6z000G846520
8853,6z000G846701
8854,6z000G846901
8855,6z000G847502
8856,700000D9330B
8857,70000C690100
8858,70000C690300
8859,70000C690701
8860,70000C690904
8861,70000C691100
8862,70000C691500
8863,70000C692305
8864,70000C692500
8865,70000C692901
8866,70000C762700
8867,70000C764901
8868,70000C765501
8869,70000C766500
8870,70000C767302
8871,70000C768301
8872,70000C768700
8873,70000C769902
8874,70000C770702
8875,70000D713702
8876,70000G621702
8877,70000G62330V
8878,70000G65790A
8879,71000000Z607
8880,7100000T2201
8881,7100000T820Q
8882,710000D19600
8883,710000D19800
8884,710000D58300
8885,710000D58501
8886,710000D58710
8887,710000D59300
8888,710000D59500
8889,710000D59700
8890,710000D92007
8891,710000G26400
8892,710000G31000
8893,710000G31200
8894,710000G5360A
8895,710000G5380E
8896,710000G92700
8897,710000K1500Z
8898,710000K1581C
8899,710000K1620O
8900,710000K9500P
8901,710000T2900C
8902,710000Y45900
8903,710000Z28609
8904,710000Z3360G
8905,710000Z39606
8906,71000C865902
8907,71000C866002
8908,71000C866106
8909,71000C866401
8910,71000C866606
8911,71000C866804
8912,71000C866901
8913,71000C867005
8914,71000C867300
8915,71000C867400
8916,71000C867500
8917,71000C867600
8918,71000C867700
8919,71000C867800
8920,71000C867909
8921,71000D172404
8922,71000D172620
8923,71000D172804
8924,71000D173005
8925,71000D173410
8926,71000D17940E
8927,71000D17960D
8928,71000D187402
8929,71000D188401
8930,71000D189101
8931,71000D189500
8932,71000D189901
8933,71000D293504
8934,71000D294702
8935,71000D298520
8936,71000D29870C
8937,71000D35640E
8938,71000D357610
8939,71000D36010A
8940,71000D360310
8941,71000D36050I
8942,71000D36070I
8943,71000D36090H
8944,71000D36150I
8945,71000D36170Y
8946,71000D36190D
8947,71000D36210F
8948,71000D36230D
8949,71000D36270L
8950,71000D362920
8951,71000D363107
8952,71000D363308
8953,71000D363706
8954,71000D36390L
8955,71000D36410I
8956,71000D364309
8957,71000D364507
8958,71000D364709
8959,71000D36550B
8960,71000D365702
8961,71000D366502
8962,71000D36790G
8963,71000D374502
8964,71000D37510I
8965,71000D37530F
8966,71000D375509
8967,71000D37570D
8968,71000D375910
8969,71000D37610K
8970,71000D376309
8971,71000D37840A
8972,71000D37880A
8973,71000D37920A
8974,71000D379606
8975,71000D387700
8976,71000D39030B
8977,71000D393307
8978,71000D393707
8979,71000D39410C
8980,71000D394905
8981,71000D395308
8982,71000D396809
8983,71000D82020M
8984,71000D82030C
8985,71000D82050G
8986,71000D82140F
8987,71000D821709
8988,71000D82180B
8989,71000D824004
8990,71000D824104
8991,71000D82420D
8992,71000D824305
8993,71000D82440I
8994,71000D82450B
8995,71000D82460A
8996,71000D824708
8997,71000D824804
8998,71000D82490G
8999,71000D82500F
9000,71000D82510D
9001,71000D82530H
9002,71000D82550A
9003,71000D82570E
9004,71000D825803
9005,71000D82590B
9006,71000D826208
9007,71000D82660G
9008,71000D82680C
9009,71000D82700F
9010,71000D82720B
9011,71000D82750D
9012,71000D82760E
9013,71000D82780B
9014,71000D82790A
9015,71000D828009
9016,71000D83010H
9017,71000D83030I
9018,71000D83050L
9019,71000D83070R
9020,71000D83090F
9021,71000D83110K
9022,71000D83150A
9023,71000D83170B
9024,71000D831907
9025,71000D832105
9026,71000D832303
9027,71000D83270I
9028,71000D83290L
9029,71000D833003
9030,71000D834109
9031,71000D83431F
9032,71000D834505
9033,71000D834710
9034,71000D83490B
9035,71000D835108
9036,71000D83530I
9037,71000D83550J
9038,71000D836330
9039,71000D836430
9040,71000D836620
9041,71000D836903
9042,71000D838109
9043,71000D838209
9044,71000D838309
9045,71000D838606
9046,71000D838903
9047,71000D839440
9048,71000D839610
9049,71000D839700
9050,71000D839820
9051,71000D84050F
9052,71000D84070B
9053,71000D840905
9054,71000D84110V
9055,71000D84320B
9056,71000D843500
9057,71000D845520
9058,71000D84610K
9059,71000D84620K
9060,71000D84630D
9061,71000D84640E
9062,71000D846509
9063,71000D84660D
9064,71000D846820
9065,71000D847005
9066,71000D847610
9067,71000D848410
9068,71000D848520
9069,71000D96410Z
9070,71000D9661H4
9071,71000D96810K
9072,71000D96820M
9073,71000D96830W
9074,71000D968450
9075,71000D96970X
9076,71000G143000
9077,71000G146200
9078,71000G148000
9079,71000G15040J
9080,71000G150633
9081,71000G150805
9082,71000G15460C
9083,71000G161603
9084,71000G206610
9085,71000G23400B
9086,71000G23440Q
9087,71000G286001
9088,71000G286101
9089,71000G289510
9090,71000G29030K
9091,71000G29050L
9092,71000G29100C
9093,71000G29110B
9094,71000G293105
9095,71000G294901
9096,71000G295401
9097,71000G295802
9098,71000G296106
9099,71000G303701
9100,71000G335200
9101,71000G343207
9102,71000G347000
9103,71000G347606
9104,71000G347806
9105,71000G357010
9106,71000G357603
9107,71000G357804
9108,71000G358003
9109,71000G358205
9110,71000G358405
9111,71000G358602
9112,71000G359203
9113,71000G359405
9114,71000G359600
9115,71000G361800
9116,71000G374005
9117,71000G374404
9118,71000G374500
9119,71000G374702
9120,71000G377800
9121,71000G380200
9122,71000G380400
9123,71000G386800
9124,71000G387500
9125,71000G550101
9126,71000G550201
9127,71000G550300
9128,71000G550400
9129,71000G550500
9130,71000G550600
9131,71000G550700
9132,71000G550800
9133,71000G550900
9134,71000G551001
9135,71000G551910
9136,71000G552010
9137,71000K11380Z
9138,71000K12340M
9139,71000K15240Y
9140,71000K15580T
9141,71000K158200
9142,71000K18040F
9143,71000K93030K
9144,71000K930408
9145,71000K93050O
9146,71000K93060P
9147,71000K93070N
9148,71000K93080N
9149,71000K93120Z
9150,71000K93140W
9151,71000K932210
9152,71000T87010H
9153,71000T87020F
9154,730000D58001
9155,730000G54004
9156,73000C867203
9157,73000C868004
9158,73000C868405
9159,73000D366405
9160,73000D37080I
9161,73000D371220
9162,73000D372010
9163,73000D37240E
9164,73000D37280D
9165,73000D373623
9166,73000D37400P
9167,73000D39220B
9168,73000D392605
9169,73000D394409
9170,73000D39560I
9171,73000D829202
9172,73000D83040K
9173,73000D83060G
9174,73000D83080E
9175,73000D83100D
9176,73000D83120A
9177,73000D83140B
9178,73000D83160A
9179,73000D831808
9180,73000D832008
9181,73000D832206
9182,73000D832409
9183,73000D83280E
9184,73000D834014
9185,73000D834405
9186,73000D834618
9187,73000D835006
9188,73000D83520K
9189,73000D835440
9190,73000D835610
9191,73000D835803
9192,73000D836810
9193,73000D837406
9194,73000D84020B
9195,73000D84040W
9196,73000D84100B
9197,73000D84120A
9198,73000D841405
9199,73000D842010
9200,73000D842403
9201,73000D84340B
9202,73000D966292
9203,73000G292002
9204,73000G343801
9205,73000G358804
9206,73000K93240O
9207,7600000C1600
9208,7600000C1801
9209,7600000C3110
9210,7600000C320C
9211,7600000C3407
9212,7600000C3520
9213,7600000C3605
9214,7600000C3702
9215,7600000C3820
9216,7600000C4202
9217,7600000C4505
9218,7600000C4606
9219,7600000C4804
9220,7600000C4906
9221,7600000C500B
9222,7600000C5107
9223,7600000C5206
9224,7600000C5507
9225,7600000C5603
9226,7600000C5703
9227,7600000C5803
9228,7600000C5903
9229,7600000C6001
9230,7600000C6502
9231,7600000C7003
9232,7600000C7100
9233,7600000C780B
9234,7600000D5001
9235,7600000D7800
9236,7600000T6000
9237,7600000Z5801
9238,760000561910
9239,760000562010
9240,76000056330W
9241,76000056340S
9242,760000606409
9243,760000606702
9244,760000C21702
9245,760000C21805
9246,760000C22002
9247,760000C70102
9248,760000C70204
9249,760000C70806
9250,760000C70902
9251,760000C71004
9252,760000C71600
9253,760000C71800
9254,760000C7220J
9255,760000C72510
9256,760000C73405
9257,760000C73700
9258,760000C74209
9259,760000C74408
9260,760000C74606
9261,760000C74803
9262,760000C75009
9263,760000C75204
9264,760000C75404
9265,760000C75501
9266,760000C75609
9267,760000C75806
9268,760000C76007
9269,760000C76204
9270,760000C76406
9271,760000C76604
9272,760000C77006
9273,760000C77205
9274,760000C77404
9275,760000C77901
9276,760000C78005
9277,760000C78109
9278,760000C78804
9279,760000C79005
9280,760000C79102
9281,760000C79205
9282,760000C83900
9283,760000C91310
9284,760000C91407
9285,760000C95203
9286,760000C95301
9287,760000C9540I
9288,760000C95604
9289,760000C95804
9290,760000D11800
9291,760000D16404
9292,760000D16602
9293,760000D17601
9294,760000D18804
9295,760000D19403
9296,760000D23505
9297,760000D23900
9298,760000D24501
9299,760000D25104
9300,760000D25504
9301,760000D26101
9302,760000D26301
9303,760000D27104
9304,760000D27504
9305,760000D28203
9306,760000D29700
9307,760000D3540G
9308,760000D3620A
9309,760000D62004
9310,760000D63202
9311,760000D6380H
9312,760000D95406
9313,760000D96200
9314,760000D99600
9315,760000G23900
9316,760000G32200
9317,760000G32400
9318,760000G91700
9319,760000G97700
9320,760000K1180K
9321,760000K1960G
9322,760000K20400
9323,760000K2460H
9324,760000K25820
9325,760000K2840J
9326,760000K2920N
9327,760000K3520W
9328,760000K38672
9329,760000K4240X
9330,760000K5040P
9331,760000K5300Z
9332,760000K5460V
9333,760000K77803
9334,760000K8560F
9335,760000K9980L
9336,760000T1260F
9337,760000Z31601
9338,760000Z3220C
9339,760000Z33410
9340,760000Z39008
9341,760000Z50803
9342,760000Z58804
9343,76000C332202
9344,76000C332403
9345,76000C332805
9346,76000C333005
9347,76000C334003
9348,76000C334401
9349,76000C334601
9350,76000C33480A
9351,76000C335002
9352,76000C335202
9353,76000C335402
9354,76000C335604
9355,76000C335804
9356,76000C336002
9357,76000C336210
9358,76000C33640J
9359,76000C336604
9360,76000C336804
9361,76000C337006
9362,76000C337404
9363,76000C337601
9364,76000C338001
9365,76000C338205
9366,76000C338403
9367,76000C338603
9368,76000C339003
9369,76000C339203
9370,76000C339601
9371,76000C339803
9372,76000C340404
9373,76000C34060B
9374,76000C340803
9375,76000C341205
9376,76000C34140A
9377,76000C341610
9378,76000C341810
9379,76000C342003
9380,76000C342202
9381,76000C342402
9382,76000C342803
9383,76000C343002
9384,76000C343400
9385,76000C343601
9386,76000C34420B
9387,76000C344610
9388,76000C34480C
9389,76000C345400
9390,76000C40260B
9391,76000C557504
9392,76000C565102
9393,76000C565407
9394,76000C565505
9395,76000C565807
9396,76000C565907
9397,76000C566102
9398,76000C566208
9399,76000C566303
9400,76000C568105
9401,76000C56880J
9402,76000C56890H
9403,76000C56900K
9404,76000C574204
9405,76000C574420
9406,76000C574630
9407,76000C574830
9408,76000C575205
9409,76000C575410
9410,76000C575607
9411,76000C57580A
9412,76000C576205
9413,76000C576404
9414,76000C576606
9415,76000C57680A
9416,76000C578208
9417,76000C578400
9418,76000C578609
9419,76000C578804
9420,76000C57920A
9421,76000C579401
9422,76000C579610
9423,76000C579830
9424,76000C581201
9425,76000C581403
9426,76000C59750F
9427,76000C597907
9428,76000C59830B
9429,76000C59910C
9430,76000C599205
9431,76000C599305
9432,76000C61010H
9433,76000C61030A
9434,76000C610505
9435,76000C61070D
9436,76000C61090A
9437,76000C611109
9438,76000C61130C
9439,76000C61150A
9440,76000C61170A
9441,76000C611909
9442,76000C61320A
9443,76000C61390C
9444,76000C61410I
9445,76000C61470J
9446,76000C61570G
9447,76000C615909
9448,76000C62050G
9449,76000C620609
9450,76000C62070G
9451,76000C621070
9452,76000C62140N
9453,76000C621760
9454,76000C62330C
9455,76000C62520C
9456,76000C62530L
9457,76000C62540J
9458,76000C62550E
9459,76000C62570J
9460,76000C62600K
9461,76000C626109
9462,76000C62620K
9463,76000C62640E
9464,76000C626511
9465,76000C62670G
9466,76000C62680M
9467,76000C62690O
9468,76000C62710H
9469,76000C62720D
9470,76000C62730B
9471,76000C62750F
9472,76000C62760D
9473,76000C628321
9474,76000C62840J
9475,76000C63020J
9476,76000C63030J
9477,76000C63040F
9478,76000C630540
9479,76000C63060M
9480,76000C63070I
9481,76000C63080O
9482,76000C63110B
9483,76000C63120F
9484,76000C63130P
9485,76000C63150S
9486,76000C63160U
9487,76000C631712
9488,76000C63200I
9489,76000C63210Q
9490,76000C63220S
9491,76000C63230M
9492,76000C63240D
9493,76000C632505
9494,76000C63270E
9495,76000C63300A
9496,76000C633109
9497,76000C633208
9498,76000C633308
9499,76000C63340A
9500,76000C63360D
9501,76000C63370B
9502,76000C63380A
9503,76000C633908
9504,76000C634007
9505,76000C634208
9506,76000C634409
9507,76000C634603
9508,76000C634805
9509,76000C63560D
9510,76000C63580A
9511,76000C638302
9512,76000C660209
9513,76000C66030C
9514,76000C660808
9515,76000C661005
9516,76000C661307
9517,76000C661404
9518,76000C661508
9519,76000C66180G
9520,76000C66190H
9521,76000C662106
9522,76000C662206
9523,76000C662408
9524,76000C662507
9525,76000C662707
9526,76000C662807
9527,76000C663206
9528,76000C663508
9529,76000C663606
9530,76000C66380A
9531,76000C66390B
9532,76000C664108
9533,76000C66420B
9534,76000C664308
9535,76000C664407
9536,76000C66450A
9537,76000C664605
9538,76000C664703
9539,76000C665220
9540,76000C66550F
9541,76000C948009
9542,76000C94820A
9543,76000C94840C
9544,76000C94860C
9545,76000C94880D
9546,76000D104603
9547,76000D120400
9548,76000D172304
9549,76000D172503
9550,76000D172703
9551,76000D178701
9552,76000D17910C
9553,76000D18010C
9554,76000D180704
9555,76000D180902
9556,76000D181106
9557,76000D181303
9558,76000D182205
9559,76000D182803
9560,76000D19020F
9561,76000D190805
9562,76000D191002
9563,76000D19120J
9564,76000D19200N
9565,76000D19260F
9566,76000D19280I
9567,76000D19300E
9568,76000D19340C
9569,76000D19360B
9570,76000D19380I
9571,76000D194208
9572,76000D19440C
9573,76000D19480D
9574,76000D19500J
9575,76000D19520C
9576,76000D195406
9577,76000D195804
9578,76000D196602
9579,76000D197203
9580,76000D197602
9581,76000D198004
9582,76000D198608
9583,76000D199802
9584,76000D200802
9585,76000D22080K
9586,76000D22240I
9587,76000D22440V
9588,76000D224501
9589,76000D22560I
9590,76000D22640F
9591,76000D23740E
9592,76000D30580C
9593,76000D307807
9594,76000D51100K
9595,76000D511680
9596,76000D512103
9597,76000D512303
9598,76000D512850
9599,76000D617600
9600,76000D61920K
9601,76000D619607
9602,76000D855701
9603,76000G101300
9604,76000G12820J
9605,76000G147507
9606,76000G159201
9607,76000G17020I
9608,76000G17550I
9609,76000G184002
9610,76000G19830J
9611,76000G20880Q
9612,76000G216314
9613,76000G216707
9614,76000G21830B
9615,76000G21870E
9616,76000G21910H
9617,76000G22080B
9618,76000G22100D
9619,76000G22140B
9620,76000G221809
9621,76000G224302
9622,76000G225200
9623,76000G227502
9624,76000G22770G
9625,76000G232100
9626,76000G23710M
9627,76000G241701
9628,76000G244501
9629,76000G244701
9630,76000G244902
9631,76000G245100
9632,76000G28010C
9633,76000G28030D
9634,76000G28210A
9635,76000G282508
9636,76000G28270A
9637,76000G28290C
9638,76000G283705
9639,76000G284502
9640,76000G28830B
9641,76000G28850G
9642,76000G28870D
9643,76000G289302
9644,76000G294101
9645,76000G297304
9646,76000G298506
9647,76000G314002
9648,76000G32860B
9649,76000G335000
9650,76000G335400
9651,76000G335501
9652,76000G336400
9653,76000G341807
9654,76000G342309
9655,76000G342708
9656,76000G346508
9657,76000G346900
9658,76000G347903
9659,76000G358101
9660,76000G358304
9661,76000G358501
9662,76000G358703
9663,76000G359307
9664,76000G370306
9665,76000G370503
9666,76000G370705
9667,76000G371105
9668,76000G379100
9669,76000G388500
9670,76000G535700
9671,76000G535900
9672,76000G539004
9673,76000G539306
9674,76000G541505
9675,76000G575302
9676,76000G576513
9677,76000G577305
9678,76000G578502
9679,76000G579703
9680,76000G85010I
9681,76000G850910
9682,76000G851709
9683,76000G85210P
9684,76000G855001
9685,76000G85510D
9686,76000G855205
9687,76000G855408
9688,76000G85570C
9689,76000G855907
9690,76000G856203
9691,76000G857180
9692,76000G857781
9693,76000G858106
9694,76000G858306
9695,76000G858705
9696,76000G860509
9697,76000G86090D
9698,76000G861104
9699,76000G86130C
9700,76000G86150J
9701,76000G861707
9702,76000G86190C
9703,76000G86210B
9704,76000G86250B
9705,76000G862704
9706,76000G863104
9707,76000G863306
9708,76000G863508
9709,76000G863705
9710,76000G863907
9711,76000G86410A
9712,76000G864309
9713,76000G864506
9714,76000G864704
9715,76000G865104
9716,76000G866107
9717,76000G86630G
9718,76000G866509
9719,76000G86710A
9720,76000G86730D
9721,76000G867603
9722,76000G867705
9723,76000G867903
9724,76000G868508
9725,76000G868908
9726,76000G869108
9727,76000G87010I
9728,76000G871109
9729,76000G872705
9730,76000G873541
9731,76000G873704
9732,76000G873902
9733,76000G874106
9734,76000G87430B
9735,76000G875906
9736,76000G876108
9737,76000G878320
9738,76000G87910B
9739,76000K10580N
9740,76000K11580S
9741,76000K12580X
9742,76000K952108
9743,76000S500100
9744,76000S500200
9745,76000S500300
9746,76000S500400
9747,76000S500530
9748,76000S500630
9749,76000S500700
9750,76000S500800
9751,76000S501010
9752,76000S501100
9753,76000S501200
9754,76000S501300
9755,76000S501500
9756,76000S501600
9757,76000S501700
9758,76000S501802
9759,76000S501900
9760,76000S502001
9761,76000S502100
9762,76000S502201
9763,76000S502300
9764,76000S502400
9765,76000S502501
9766,76000S502600
9767,76000S502701
9768,76000S502810
9769,76000S502900
9770,76000S503000
9771,76000S503100
9772,76000S503200
9773,76000S503303
9774,76000S503400
9775,76000S503500
9776,76000S503601
9777,76000S503800
9778,76000S503900
9779,76000S504100
9780,76000S504200
9781,76000S504300
9782,76000S504400
9783,76000S504500
9784,76000S504600
9785,76000S504700
9786,76000S504802
9787,76000S504900
9788,76000S505001
9789,76000S505100
9790,76000S505200
9791,76000S505300
9792,76000S505400
9793,76000S505500
9794,76000S505600
9795,76000S505701
9796,76000S505800
9797,76000S505900
9798,76000S506000
9799,76000S506100
9800,76000S506200
9801,76000S50630J
9802,76000S50640J
9803,76000S506510
9804,76000S506610
9805,76000S50670J
9806,76000S50680J
9807,76000S50690J
9808,76000S50700J
9809,76000S507110
9810,76000S507200
9811,76000S507330
9812,76000S507440
9813,76000S507520
9814,76000S507620
9815,76000S507910
9816,76000S508010
9817,76000S508102
9818,76000S508200
9819,76000S508300
9820,76000S508400
9821,76000S508703
9822,76000S508803
9823,76000S510100
9824,76000S510200
9825,76000S510300
9826,76000S510400
9827,76000S510500
9828,76000S510600
9829,76000S510702
9830,76000S510800
9831,76000S510900
9832,76000S511001
9833,76000S511100
9834,76000S511200
9835,76000S511300
9836,76000S511401
9837,76000S511501
9838,76000S511610
9839,76000S511700
9840,76000S511800
9841,76000S511910
9842,76000S512000
9843,76000S512100
9844,76000S512200
9845,76000S512300
9846,76000S512400
9847,76000S512500
9848,76000S512600
9849,76000S512700
9850,76000S512800
9851,76000S512901
9852,76000S513000
9853,76000S51410J
9854,76000S51420J
9855,76000S514300
9856,76000S514400
9857,76000S514500
9858,76000S514600
9859,76000S514700
9860,76000S514800
9861,76000S516520
9862,76000S516620
9863,76000S520100
9864,76000S520200
9865,76000S520300
9866,76000S520401
9867,76000S520501
9868,76000S520601
9869,76000S520800
9870,76000S521000
9871,76000S521100
9872,76000S521300
9873,76000S521400
9874,76000S521700
9875,76000S521800
9876,76000S521900
9877,76000S522201
9878,76000S522300
9879,76000S522400
9880,76000S522500
9881,76000S522800
9882,76000S522900
9883,76000S523100
9884,76000S523201
9885,76000S523300
9886,76000S523400
9887,76000S523500
9888,76000S523600
9889,76000S523700
9890,76000S523800
9891,76000S523900
9892,76000S524000
9893,76000S525203
9894,76000S525400
9895,76000S525600
9896,76000S525900
9897,76000S526000
9898,76000S526401
9899,76000S526600
9900,76000S526800
9901,76000S526900
9902,76000S527000
9903,76000S527202
9904,76000S527402
9905,76000S527600
9906,76000S527800
9907,76000S527901
9908,76000S528000
9909,76000S528100
9910,76000S528600
9911,76000S528900
9912,76000S529001
9913,77000000D402
9914,7700000C5302
9915,7700000C6301
9916,7700000C6601
9917,7700000C7303
9918,7700000C7704
9919,7700000D5800
9920,7700000D9601
9921,7700000K160I
9922,7700000K730L
9923,7700000T100A
9924,770000560946
9925,77000056102D
9926,770000561190
9927,770000561290
9928,770000562927
9929,77000056350Z
9930,770000563610
9931,77000056471C
9932,77000060660E
9933,770000C71502
9934,770000C71700
9935,770000C71907
9936,770000C72003
9937,770000C7210O
9938,770000C72700
9939,770000C73303
9940,770000C73607
9941,770000C74307
9942,770000C74507
9943,770000C74706
9944,770000C74904
9945,770000C7510E
9946,770000C75703
9947,770000C75904
9948,770000C76107
9949,770000C76305
9950,770000C76506
9951,770000C76705
9952,770000C76906
9953,770000C77100
9954,770000C78705
9955,770000C79305
9956,770000C79604
9957,770000C83401
9958,770000C95105
9959,770000D15104
9960,770000D15307
9961,770000D15504
9962,770000D36803
9963,770000D6300G
9964,770000D6580D
9965,770000D9580H
9966,770000D97400
9967,770000D97800
9968,770000G24300
9969,770000G33000
9970,770000G33200
9971,770000G90500
9972,770000G97000
9973,770000G97400
9974,770000K31704
9975,770000K35502
9976,770000K4030D
9977,770000K50803
9978,770000K51700
9979,770000K68730
9980,770000K80309
9981,770000K81381
9982,770000K8350L
9983,770000T2380L
9984,770000T37909
9985,770000Y46260
9986,770000Z14000
9987,770000Z22000
9988,770000Z2230B
9989,77000C555902
9990,77000C556802
9991,77000C556904
9992,77000C557003
9993,77000C557701
9994,77000C557903
9995,77000C558003
9996,77000C558703
9997,77000C559803
9998,77000C568202
9999,77000C603306
10000,77000C603904
10001,77000C610201
10002,77000C610403
10003,77000C610600
10004,77000C610801
10005,77000C611002
10006,77000C611202
10007,77000C611410
10008,77000C611602
10009,77000C611800
10010,77000C612002
10011,77000C614000
10012,77000C61420E
10013,77000C61440F
10014,77000C61480F
10015,77000C61500F
10016,77000C61580A
10017,77000C616006
10018,77000D171305
10019,77000D173103
10020,77000D173300
10021,77000D17930C
10022,77000D183403
10023,77000D183507
10024,77000D19650A
10025,77000D198508
10026,77000D22140K
10027,77000D22180F
10028,77000D22280L
10029,77000D22340N
10030,77000D223801
10031,77000D226004
10032,77000D22700E
10033,77000D227403
10034,77000D22780E
10035,77000D23780C
10036,77000D32540B
10037,77000D510961
10038,77000D511741
10039,77000D512402
10040,77000D512741
10041,77000D5131A0
10042,77000D513250
10043,77000D5133B0
10044,77000D513420
10045,77000D513700
10046,77000D513810
10047,77000D514121
10048,77000D514804
10049,77000D516102
10050,77000D516904
10051,77000D517000
10052,77000D517201
10053,77000D517601
10054,77000D610303
10055,77000D610409
10056,77000D61070G
10057,77000D610909
10058,77000D61100D
10059,77000D61110A
10060,77000D61120A
10061,77000D611310
10062,77000D611602
10063,77000D611905
10064,77000D612106
10065,77000D612204
10066,77000D612309
10067,77000D612408
10068,77000D612704
10069,77000D612803
10070,77000D612902
10071,77000D613001
10072,77000D613110
10073,77000D613200
10074,77000D613305
10075,77000D613505
10076,77000D613603
10077,77000D616530
10078,77000D617520
10079,77000D619106
10080,77000D619506
10081,77000D855106
10082,77000D855404
10083,77000D99310X
10084,77000D99330X
10085,77000G115000
10086,77000G130801
10087,77000G13350G
10088,77000G147300
10089,77000G153406
10090,77000G17100A
10091,77000G17610A
10092,77000G183404
10093,77000G18360I
10094,77000G18880D
10095,77000G193501
10096,77000G19760P
10097,77000G21530I
10098,77000G22340B
10099,77000G224207
10100,77000G224901
10101,77000G230103
10102,77000G242501
10103,77000G242700
10104,77000G242901
10105,77000G243101
10106,77000G243300
10107,77000G243501
10108,77000G243700
10109,77000G243900
10110,77000G244101
10111,77000G284106
10112,77000G284909
10113,77000G28650A
10114,77000G28670E
10115,77000G28690E
10116,77000G28710H
10117,77000G287309
10118,77000G28810C
10119,77000G28910A
10120,77000G292904
10121,77000G296504
10122,77000G322801
10123,77000G32900F
10124,77000G329408
10125,77000G337500
10126,77000G339200
10127,77000G340405
10128,77000G340802
10129,77000G34100B
10130,77000G342000
10131,77000G344201
10132,77000G345000
10133,77000G345407
10134,77000G345605
10135,77000G34580C
10136,77000G346008
10137,77000G348803
10138,77000G349610
10139,77000G359500
10140,77000G370105
10141,77000G371303
10142,77000G371700
10143,77000G372105
10144,77000G372301
10145,77000G372520
10146,77000G372702
10147,77000G372900
10148,77000G374900
10149,77000G378202
10150,77000G386900
10151,77000G388000
10152,77000G534700
10153,77000G541702
10154,77000G542101
10155,77000G542301
10156,77000G542703
10157,77000G575104
10158,77000G575203
10159,77000G575500
10160,77000G576303
10161,77000G576400
10162,77000G576600
10163,77000G577102
10164,77000G577505
10165,77000G577903
10166,77000G578103
10167,77000G578402
10168,77000G578703
10169,77000G579403
10170,77000G579502
10171,77000G579603
10172,77000G85020F
10173,77000G850300
10174,77000G85040L
10175,77000G850500
10176,77000G85060J
10177,77000G851103
10178,77000G85120H
10179,77000G851302
10180,77000G85140A
10181,77000G851502
10182,77000G85160E
10183,77000G853302
10184,77000G853405
10185,77000G853703
10186,77000G85380B
10187,77000G855804
10188,77000G85640H
10189,77000G85720F
10190,77000G857302
10191,77000G857451
10192,77000G857870
10193,77000G857900
10194,77000G858410
10195,77000G85860E
10196,77000G860120
10197,77000G860240
10198,77000G860300
10199,77000G86040C
10200,77000G860606
10201,77000G860806
10202,77000G86100A
10203,77000G861207
10204,77000G861403
10205,77000G861803
10206,77000G862005
10207,77000G862300
10208,77000G862407
10209,77000G86260A
10210,77000G862806
10211,77000G863009
10212,77000G863208
10213,77000G863409
10214,77000G863805
10215,77000G864004
10216,77000G864205
10217,77000G864607
10218,77000G864806
10219,77000G865001
10220,77000G865405
10221,77000G866009
10222,77000G866204
10223,77000G866405
10224,77000G86720B
10225,77000G867406
10226,77000G86780B
10227,77000G868408
10228,77000G868708
10229,77000G869000
10230,77000G87030G
10231,77000G872403
10232,77000G872620
10233,77000G873320
10234,77000G874604
10235,77000G875706
10236,77000G876001
10237,77000G876209
10238,77000G876804
10239,77000G877104
10240,77000G878405
10241,77000G878620
10242,77000G87880C
10243,77000G879208
10244,77000K106434
10245,77000K10770L
10246,77000K109520
10247,77000K11540I
10248,77000K117120
10249,77000K936702
10250,77000K950307
10251,77000K950906
10252,77000K951008
10253,77000K95170F
10254,77000K95220G
10255,77000K957900
10256,77000K959502
10257,77000K959604
10258,77000S546008
10259,77000S546310
10260,77000S550100
10261,77000S550200
10262,77000S550301
10263,77000S550400
10264,77000S550501
10265,77000S550601
10266,77000S550701
10267,77000S550801
10268,77000S550901
10269,77000S551002
10270,77000S551102
10271,77000S551201
10272,77000S551301
10273,77000S551402
10274,77000S551501
10275,77000S551601
10276,77000S551701
10277,77000S551803
10278,77000S551901
10279,77000S552002
10280,77000S552101
10281,77000S552201
10282,77000S552301
10283,77000S552401
10284,77000S552600
10285,77000S552701
10286,77000S552900
10287,77000S553000
10288,77000S553100
10289,77000S553200
10290,77000S553301
10291,77000S553401
10292,77000S553500
10293,77000S553601
10294,77000S553800
10295,77000S554101
10296,77000S554200
10297,77000S554302
10298,77000S554502
10299,77000S554600
10300,77000S554701
10301,77000S554801
10302,77000S554901
10303,77000S555001
10304,77000S555100
10305,77000S555301
10306,77000S555501
10307,77000S555600
10308,77000S555701
10309,7800000Z7806
10310,780000563017
10311,78000056390Z
10312,78000056400U
10313,78000056450Y
10314,78000060810Q
10315,780000D20803
10316,780000D23300
10317,780000D99800
10318,780000G20400
10319,780000G20600
10320,780000G20800
10321,780000G32000
10322,780000K10801
10323,780000K1120H
10324,780000K4760W
10325,780000K8460R
10326,780000K8760A
10327,780000K9420Q
10328,780000K9480Z
10329,780000Y122D0
10330,78000C583105
10331,78000C583206
10332,78000C583505
10333,78000C583603
10334,78000C583702
10335,78000C583804
10336,78000C583902
10337,78000C584102
10338,78000C584303
10339,78000C584503
10340,78000C584603
10341,78000C585006
10342,78000C585504
10343,78000C585604
10344,78000C585701
10345,78000C585803
10346,78000C585901
10347,78000C586106
10348,78000C586303
10349,78000C586520
10350,78000C586801
10351,78000C586902
10352,78000C587001
10353,78000C587102
10354,78000C587202
10355,78000C587321
10356,78000C587502
10357,78000C587701
10358,78000C588005
10359,78000C588104
10360,78000C588302
10361,78000C588507
10362,78000C588702
10363,78000C588902
10364,78000C589001
10365,78000C589104
10366,78000C589302
10367,78000C589501
10368,78000C589601
10369,78000C589702
10370,78000C589900
10371,78000C594003
10372,78000C594201
10373,78000C594403
10374,78000C594503
10375,78000C594701
10376,78000C594802
10377,78000C594901
10378,78000C595003
10379,78000C595208
10380,78000C595902
10381,78000C59740B
10382,78000C598008
10383,78000C59900C
10384,78000C599402
10385,78000C599607
10386,78000C603104
10387,78000C603209
10388,78000C603402
10389,78000C603602
10390,78000C603807
10391,78000C60400A
10392,78000C604504
10393,78000C638103
10394,78000C638204
10395,78000C91600N
10396,78000C91620N
10397,78000C91630O
10398,78000C91640L
10399,78000D17020G
10400,78000D171003
10401,78000D171807
10402,78000D174100
10403,78000D185102
10404,78000D185303
10405,78000D185505
10406,78000D185702
10407,78000D186102
10408,78000D186702
10409,78000D35670B
10410,78000D512202
10411,78000D514600
10412,78000D517400
10413,78000D617100
10414,78000D617204
10415,78000D855206
10416,78000D855502
10417,78000D85560E
10418,78000D85580E
10419,78000D856204
10420,78000D857101
10421,78000D85740F
10422,78000D85760G
10423,78000D857706
10424,78000D85780J
10425,78000D858107
10426,78000D85820C
10427,78000D85840E
10428,78000D85870Z
10429,78000D858830
10430,78000D858910
10431,78000D85900Z
10432,78000D85930H
10433,78000D85940J
10434,78000D85960J
10435,78000D85980B
10436,78000D99320V
10437,78000D99340V
10438,78000G119801
10439,78000G132407
10440,78000G13280F
10441,78000G133209
10442,78000G148200
10443,78000G14840H
10444,78000G16860I
10445,78000G21080H
10446,78000G211608
10447,78000G217003
10448,78000G220605
10449,78000G22310B
10450,78000G224801
10451,78000G226300
10452,78000G226500
10453,78000G227100
10454,78000G230509
10455,78000G23340I
10456,78000G23640G
10457,78000G241400
10458,78000G268006
10459,78000G269004
10460,78000G294000
10461,78000G294502
10462,78000G29690A
10463,78000G298105
10464,78000G298800
10465,78000G299204
10466,78000G299411
10467,78000G299606
10468,78000G321007
10469,78000G336000
10470,78000G336200
10471,78000G337000
10472,78000G337200
10473,78000G339400
10474,78000G356901
10475,78000G357504
10476,78000G357702
10477,78000G357901
10478,78000G364400
10479,78000G373502
10480,78000G376201
10481,78000G379800
10482,78000G380300
10483,78000G487002
10484,78000G48800H
10485,78000G534208
10486,78000G534501
10487,78000G534607
10488,78000G53490N
10489,78000G53500N
10490,78000G535208
10491,78000G53540B
10492,78000G535507
10493,78000G535606
10494,78000G53580B
10495,78000G536002
10496,78000G538204
10497,78000G538406
10498,78000G538609
10499,78000G539408
10500,78000G539506
10501,78000G539607
10502,78000G539706
10503,78000G539804
10504,78000G539905
10505,78000G540005
10506,78000G540107
10507,78000G540207
10508,78000G542803
10509,78000G852201
10510,78000G852404
10511,78000G870701
10512,78000G870804
10513,78000G874805
10514,78000G875206
10515,78000G875406
10516,78000G875501
10517,78000G875602
10518,78000G875811
10519,78000G879009
10520,78000G956905
10521,78000K93550D
10522,78000K936300
10523,78000K936504
10524,78000K938609
10525,78000K938709
10526,78000K938808
10527,78000K950109
10528,78000K951504
10529,78000K955311
10530,78000K95850K
10531,78000K95870G
10532,78000S530102
10533,78000S530201
10534,78000S530320
10535,78000S530402
10536,78000S531002
10537,78000S536500
10538,78000S536601
10539,78000S540403
10540,78000S540603
10541,78000S540810
10542,78000S540901
10543,78000S541001
10544,78000S541201
10545,78000S541403
10546,78000S541603
10547,78000S541901
10548,78000S542010
10549,78000S542102
10550,78000S542210
10551,78000S542300
10552,78000S542401
10553,78000S542501
10554,78000S542601
10555,78000S542700
10556,78000S542800
10557,78000S542901
10558,78000S543201
10559,78000S543402
10560,78000S543501
10561,78000S543602
10562,78000S543800
10563,7b0000G58100
10564,7b000G103001
10565,7b000G151600
10566,7b000G173800
10567,7b000G174000
10568,7b000G209200
10569,7b000G334400
10570,7b000G338400
10571,7b000G381800
10572,7b000G680201
10573,7b000G680401
10574,7b000G680601
10575,7b000G682201
10576,7b000G682410
10577,7b000G682600
10578,7b000G683600
10579,7b000G685600
10580,7b000G686010
10581,7b000G686400
10582,7b000G686600
10583,7b000G686802
10584,7b000G687001
10585,7b000G689401
10586,7m00000C4100
10587,7m0000C74103
10588,7m0000C75305
10589,7m0000C79803
10590,7m0000K48802
10591,7m000C61430B
10592,7m000C61450A
10593,8000000C8602
10594,8000000D8600
10595,8000000D8701
10596,8000000K8021
10597,8000000Z540J
10598,800000C11807
10599,800000C12205
10600,800000C2640J
10601,800000C27208
10602,800000C2760K
10603,800000C2800A
10604,800000C2840B
10605,800000C28808
10606,800000C2920A
10607,800000C3010B
10608,800000C3110A
10609,800000C3150E
10610,800000C34005
10611,800000C34407
10612,800000C3480B
10613,800000C35201
10614,800000C35610
10615,800000C3640U
10616,800000C36522
10617,800000C37001
10618,800000C3840F
10619,800000C38802
10620,800000C44606
10621,800000C45009
10622,800000C45809
10623,800000C5520A
10624,800000C5560B
10625,800000C55940
10626,800000C56308
10627,800000C56603
10628,800000C57105
10629,800000C57201
10630,800000C57304
10631,800000C57403
10632,800000C57501
10633,800000C57601
10634,800000C58002
10635,800000C58109
10636,800000C58307
10637,800000C58409
10638,800000C5850B
10639,800000C5860B
10640,800000C5870B
10641,800000C58805
10642,800000C63804
10643,800000C64209
10644,800000D23401
10645,800000D25402
10646,800000D25804
10647,800000D26202
10648,800000D26403
10649,800000D28005
10650,800000D28402
10651,800000D94003
10652,800000G20200
10653,800000G30800
10654,800000G91000
10655,800000G98000
10656,800000K1380J
10657,800000K4922E
10658,800000K69212
10659,800000K74022
10660,800000K9860I
10661,800000Y75205
10662,800000Z1620M
10663,800000Z2880M
10664,800000Z32609
10665,800000Z37206
10666,80000C431905
10667,80000C95020Y
10668,80000C950631
10669,80000C95100D
10670,80000C95140I
10671,80000D38040I
10672,80000D38120N
10673,80000D38160N
10674,80000D38200W
10675,80000D382420
10676,80000D38320N
10677,80000D38400O
10678,80000D387600
10679,80000D39040D
10680,80000D39060F
10681,80000D39240C
10682,80000D39280E
10683,80000D814808
10684,80000D86081B
10685,80000D86200N
10686,80000D86240P
10687,80000D863206
10688,80000D86530E
10689,80000D86570F
10690,80000D86610H
10691,80000D86650E
10692,80000D866907
10693,80000D86730B
10694,80000D86770D
10695,80000D86810Z
10696,80000D86850E
10697,80000D86930H
10698,80000D871109
10699,80000D87150E
10700,80000D873103
10701,80000D873905
10702,80000D874309
10703,80000D875105
10704,80000G13720V
10705,80000G137412
10706,80000G13780R
10707,80000G13800R
10708,80000G13920K
10709,80000G13980F
10710,80000G14220M
10711,80000G15140L
10712,80000G15260F
10713,80000G15360A
10714,80000G15380Q
10715,80000G154206
10716,80000G16820Y
10717,80000G16960L
10718,80000G17520E
10719,80000G21220J
10720,80000G21260F
10721,80000G28020C
10722,80000G28040I
10723,80000G282207
10724,80000G28260B
10725,80000G28280B
10726,80000G28300D
10727,80000G28320B
10728,80000G28520B
10729,80000G286609
10730,80000G28680D
10731,80000G28700K
10732,80000G28720I
10733,80000G287605
10734,80000G28800F
10735,80000G28820P
10736,80000G28840H
10737,80000G28860H
10738,80000G28900R
10739,80000G28920E
10740,80000G289401
10741,80000G29240D
10742,80000G29280G
10743,80000G293810
10744,80000G297001
10745,80000G298208
10746,80000G339600
10747,80000G347206
10748,80000G347406
10749,80000K123618
10750,80000K96021F
10751,840000C26209
10752,840000C2660E
10753,840000C2780O
10754,840000C2820B
10755,840000C2860A
10756,840000C2940D
10757,840000C30410
10758,840000C3100H
10759,840000C33240
10760,840000C33608
10761,840000C36232
10762,840000C36610
10763,840000C36810
10764,840000C3820A
10765,840000C3860E
10766,840000C3900J
10767,840000C3910K
10768,840000C39404
10769,840000C45400
10770,840000C5540B
10771,840000C55808
10772,840000C56008
10773,840000C5640P
10774,840000C56803
10775,840000C57805
10776,840000D23603
10777,840000D24605
10778,840000D27204
10779,840000D27605
10780,840000Y76604
10781,84000C42260K
10782,84000C432005
10783,84000C95220Q
10784,84000D861407
10785,84000D862604
10786,84000D863412
10787,84000D868806
10788,84000D86960A
10789,84000D870215
10790,84000D87060U
10791,84000D871809
10792,84000D872608
10793,84000D873406
10794,84000D875808
10795,84000K96040I
10796,8500000D3000
10797,8500000Z5600
10798,850000606801
10799,850000750111
10800,850000750211
10801,850000750421
10802,850000750530
10803,850000751011
10804,850000751501
10805,850000751610
10806,850000C60111
10807,850000C60310
10808,850000C60511
10809,850000C60910
10810,850000C61110
10811,850000C61310
10812,850000C61511
10813,850000C61711
10814,850000C61910
10815,850000C68200
10816,850000C68400
10817,850000C68802
10818,850000C69200
10819,850000D15403
10820,850000D16201
10821,850000D20602
10822,850000D21801
10823,850000D29800
10824,850000K13221
10825,850000K22804
10826,850000K30639
10827,850000K42084
10828,850000K85840
10829,850000T11400
10830,850000T11854
10831,850000T25701
10832,850000Z12801
10833,850000Z38100
10834,85000D894301
10835,85000K104213
10836,85000K966124
10837,85000K966421
10838,85000K966786
10839,85000K967103
10840,85000T660101
10841,85000Z620121
10842,8600000K4212
10843,860000750620
10844,860000750720
10845,860000750820
10846,860000752001
10847,860000752901
10848,860000753001
10849,860000753501
10850,860000756601
10851,860000756801
10852,860000Y402A0
10853,86000K966216
10854,86000K967202
10855,86000T660202
10856,870000607405
10857,870000750901
10858,870000751121
10859,870000751902
10860,870000752402
10861,870000752602
10862,870000753102
10863,870000753202
10864,870000D22201
10865,870000D26502
10866,870000G35500
10867,870000K3596D
10868,870000K81502
10869,870000Y201Q0
10870,87000C822100
10871,87000D105800
10872,87000D106800
10873,87000D116800
10874,87000D118601
10875,87000D119200
10876,87000D119800
10877,87000D121600
10878,87000D170910
10879,87000D195704
10880,87000D199704
10881,87000D274900
10882,87000D276310
10883,87000D276711
10884,87000D350708
10885,87000D351100
10886,87000D351520
10887,87000D353105
10888,87000D353506
10889,87000D353902
10890,87000D354706
10891,87000D355103
10892,87000D355904
10893,87000D359303
10894,87000D367301
10895,87000D893302
10896,87000D893712
10897,87000D894121
10898,87000D894502
10899,87000D895303
10900,87000G116702
10901,87000G181704
10902,87000G190705
10903,87000G194305
10904,87000G225720
10905,87000G226116
10906,87000G317306
10907,87000G318911
10908,87000G344101
10909,87000K108730
10910,87000K117807
10911,87000K129560
10912,87000K133104
10913,87000K180507
10914,8800000Z2209
10915,880000758540
10916,880000758602
10917,880000C88103
10918,880000C88209
10919,880000C88502
10920,880000C88601
10921,880000C88701
10922,880000C88801
10923,880000C89105
10924,880000C89205
10925,880000C89303
10926,880000C89404
10927,880000C89502
10928,880000C89601
10929,880000D15605
10930,880000D17402
10931,880000D18602
10932,880000G67406
10933,880000G85402
10934,880000K1780H
10935,880000K31200
10936,880000K3900C
10937,880000K81606
10938,880000K9780B
10939,880000K9880B
10940,880000T1760D
10941,880000Y83710
10942,880000Y83800
10943,880000Y83900
10944,880000Z1520B
10945,880000Z1660C
10946,880000Z22407
10947,880000Z23207
10948,880000Z2660O
10949,880000Z2740F
10950,880000Z32409
10951,880000Z3780A
10952,88000D108200
10953,88000D116400
10954,88000D119000
10955,88000D25700F
10956,88000D258402
10957,88000D265603
10958,88000D266006
10959,88000D266601
10960,88000D267005
10961,88000D26880F
10962,88000D269407
10963,88000D269808
10964,88000D272006
10965,88000D27220C
10966,88000D27240D
10967,88000D273208
10968,88000D27340C
10969,88000D27360A
10970,88000D276406
10971,88000D276803
10972,88000D282210
10973,88000D990104
10974,88000D990204
10975,88000D99110D
10976,88000D99120E
10977,88000D99130F
10978,88000D99140E
10979,88000G317806
10980,88000K10600M
10981,88000K13100M
10982,88000K15180N
10983,88000K21880S
10984,88000K68310B
10985,88000K68320B
10986,88000K760107
10987,88000K76020A
10988,88000Z898105
10989,88000Z898205
10990,88000Z899106
10991,88000Z899205
10992,890000750301
10993,8L00000D8400
10994,8L00000D8802
10995,8b0000753701
10996,8b0000Z26100
10997,8b000D273911
10998,8b000D275931
10999,8b000K966955
11000,8b000Z620300
11001,8c00000C8801
11002,8c0000C32510
11003,8c0000C32605
11004,8c0000C32705
11005,8c0000C32802
11006,8c0000C32905
11007,8c0000C33410
11008,8c0000C34210
11009,8c0000C34609
11010,8c0000C35009
11011,8c0000C35402
11012,8c0000C35808
11013,8c0000C3720C
11014,8c0000C37408
11015,8c0000C37607
11016,8c0000C3780C
11017,8c0000C38904
11018,8c0000C39606
11019,8c0000C44104
11020,8c0000C44807
11021,8c0000C45205
11022,8c0000C45609
11023,8c0000C46006
11024,8c0000C5980E
11025,8c0000C59950
11026,8c0000C60020
11027,8c0000C64009
11028,8c0000C64409
11029,8c0000C98401
11030,8c0000C98502
11031,8c0000C98602
11032,8c0000C98804
11033,8c0000C98902
11034,8c0000C99004
11035,8c0000D24000
11036,8c0000Y7540B
11037,8c0000Y7581H
11038,8c0000Y75902
11039,8c0000Y76001
11040,8c0000Y798X0
11041,8c000C950420
11042,8c000C950831
11043,8c000C951207
11044,8c000C95160I
11045,8c000C952401
11046,8c000C952701
11047,8c000C952802
11048,8c000C95300B
11049,8c000D382800
11050,8c000D38440K
11051,8c000D384804
11052,8c000D38520J
11053,8c000D38560L
11054,8c000D39340G
11055,8c000D39380E
11056,8c000D39420F
11057,8c000D39460F
11058,8c000D39500E
11059,8c000D39540E
11060,8c000D39580F
11061,8c000D39620G
11062,8c000D861203
11063,8c000D86540B
11064,8c000D865809
11065,8c000D86620D
11066,8c000D867021
11067,8c000D86740N
11068,8c000D86780A
11069,8c000D86820C
11070,8c000D86861B
11071,8c000D86900W
11072,8c000D86940E
11073,8c000D869809
11074,8c000D87040C
11075,8c000D87080F
11076,8c000D87160O
11077,8c000D87240G
11078,8c000D87280D
11079,8c000D87320F
11080,8c000D87360J
11081,8c000D87400G
11082,8c000D874405
11083,8c000D87480I
11084,8c000D87520B
11085,8c000D875606
11086,8c000D876003
11087,8c000G28380C
11088,8c000G28420B
11089,8c000G28460A
11090,8c000G285009
11091,8c000G297802
11092,8d0000C60710
11093,8d0000C69000
11094,8d0000D15203
11095,8d0000D57500
11096,8d0000G35200
11097,8d0000G40600
11098,8d0000G46600
11099,8d0000G64207
11100,8d0000G84802
11101,8d0000G86636
11102,8d000D105001
11103,8d000D106300
11104,8d000D117300
11105,8d000D118100
11106,8d000D119301
11107,8d000D120900
11108,8d000D167206
11109,8d000D25660A
11110,8d000D257403
11111,8d000D264000
11112,8d000D264200
11113,8d000D264301
11114,8d000D264803
11115,8d000D265405
11116,8d000D266204
11117,8d000D267405
11118,8d000D267604
11119,8d000D268221
11120,8d000D268402
11121,8d000D269002
11122,8d000D269620
11123,8d000D270381
11124,8d000D2711A0
11125,8d000D272802
11126,8d000D274130
11127,8d000D274230
11128,8d000D274341
11129,8d000D275031
11130,8d000D275105
11131,8d000D275601
11132,8d000D275704
11133,8d000D276010
11134,8d000D358303
11135,8d000D888103
11136,8d000D888302
11137,8d000D888501
11138,8d000D888700
11139,8d000D888901
11140,8d000D889101
11141,8d000D891210
11142,8d000D891311
11143,8d000D891410
11144,8d000D891513
11145,8d000D891601
11146,8d000D891710
11147,8d000D891810
11148,8d000D892501
11149,8d000D893103
11150,8d000D893501
11151,8d000D893903
11152,8d000G140600
11153,8d000G171407
11154,8d000G18760C
11155,8d000G190423
11156,8d000G19720B
11157,8d000G198022
11158,8d000G200402
11159,8d000G202207
11160,8d000G202405
11161,8d000G209608
11162,8d000G214602
11163,8d000G268611
11164,8d000G316608
11165,8d000G316810
11166,8d000G318624
11167,8d000G325802
11168,8e0000C60220
11169,8e0000C60411
11170,8e0000C60620
11171,8e0000C60811
11172,8e0000C61010
11173,8e0000C61210
11174,8e0000C61410
11175,8e0000C61621
11176,8e0000C61810
11177,8e0000C62010
11178,8e000D256804
11179,8e000D263202
11180,8e000D263402
11181,8e000D263603
11182,8e000D263801
11183,8e000D265801
11184,8e000D272602
11185,8e000D888201
11186,8e000D888401
11187,8e000D888601
11188,8e000D888800
11189,8e000D889000
11190,8e000D889202
11191,8e000D895401
11192,8g0000C68100
11193,8g0000C68300
11194,8g0000C68700
11195,8g0000C68901
11196,8g0000C69100
11197,8g000C429900
11198,8i0000751301
11199,8i000K966301
11200,910000C85201
11201,910000C85401
11202,910000C85603
11203,910000C85807
11204,910000C86010
11205,910000Y616I0
11206,910000Y616J0
11207,910000Y636T0
11208,910000Y73600
11209,910000Y91250
11210,910000Y932N0
11211,910000Y956B0
11212,91000K674602
11213,920000C99510
11214,920000Y360I0
11215,920000Y47610
11216,920000Y81180
11217,92000D880306
11218,92000D88050I
11219,92000D880706
11220,92000D88093A
11221,92000D88110A
11222,92000D881309
11223,9300000Z3801
11224,9300000Z420C
11225,9300000Z6002
11226,9300000Z6601
11227,9300000Z7009
11228,93000058010O
11229,930000581604
11230,93000075560S
11231,930000C80204
11232,930000C8060C
11233,930000C81004
11234,930000C8140L
11235,930000C81804
11236,930000C8210C
11237,930000C82307
11238,930000C82710
11239,930000C84105
11240,930000C8430I
11241,930000C8450H
11242,930000C84704
11243,930000C84905
11244,930000C85102
11245,930000C85301
11246,930000C85503
11247,930000C85707
11248,930000C85910
11249,930000C86104
11250,930000C86302
11251,930000C86502
11252,930000C86707
11253,930000C87206
11254,930000D57600
11255,930000T1980J
11256,930000T25803
11257,930000T3040D
11258,930000T3800A
11259,930000Y460T0
11260,930000Y51700
11261,930000Y603W0
11262,930000Y611H0
11263,930000Y854D0
11264,930000Y854E0
11265,930000Z1060C
11266,930000Z1360F
11267,930000Z1800I
11268,930000Z2940C
11269,930000Z3060A
11270,930000Z35807
11271,930000Z36206
11272,930000Z37404
11273,930000Z38204
11274,930000Z51001
11275,930000Z59606
11276,93000C41870V
11277,93000C41890V
11278,93000C419516
11279,93000C434106
11280,93000C434703
11281,93000D27060C
11282,93000D27080J
11283,93000D27120P
11284,93000D271804
11285,93000D88020B
11286,93000D88040I
11287,93000D880607
11288,93000D88080D
11289,93000D88120R
11290,93000D88140B
11291,93000K67010Z
11292,93000K67420R
11293,93000K97180G
11294,93000K97350E
11295,93000K975107
11296,93000K97560G
11297,93000K976509
11298,93000K976809
11299,93000K97680A
11300,93000K97720I
11301,93000K97760C
11302,93000K97820M
11303,93000K97860I
11304,93000K97890I
11305,93000K98550E
11306,93000T951620
11307,93000T952009
11308,93000T952608
11309,93000T953601
11310,93000Z651106
11311,93000Z651604
11312,9400000T6201
11313,940000581805
11314,94000075580L
11315,940000C80403
11316,940000C8080C
11317,940000C81204
11318,940000C8160N
11319,940000C82003
11320,940000C87407
11321,940000C98100
11322,940000C98200
11323,940000C99610
11324,940000K31505
11325,940000T2700B
11326,940000Y640V0
11327,940000Y64200
11328,940000Y648R0
11329,940000Y650L0
11330,940000Y739F0
11331,940000Y742F0
11332,940000Y813A0
11333,940000Y82260
11334,940000Y840G0
11335,940000Y842D0
11336,940000Y842E0
11337,940000Y85720
11338,940000Y97320
11339,940000Y98410
11340,940000Y98800
11341,94000K673208
11342,94000K67440U
11343,94000K67480Y
11344,94000K676830
11345,94000K97200Y
11346,94000K97700B
11347,94000K97740G
11348,94000K97780D
11349,94000K97840P
11350,94000K978504
11351,94000T436918
11352,94000T437018
11353,94000T437707
11354,94000T437808
11355,94000T437907
11356,94000T438007
11357,94000T951830
11358,94000T952209
11359,94000T95280I
11360,94000T953802
11361,94000Z651802
11362,94000Z653905
11363,94000Z654005
11364,950000580605
11365,950000C8240B
11366,950000C82610
11367,950000C83004
11368,950000C84205
11369,950000C8440I
11370,950000C8460G
11371,950000C84804
11372,950000C85004
11373,950000C86203
11374,950000C86401
11375,950000C86604
11376,950000C86805
11377,950000Y606N0
11378,950000Y606O0
11379,950000Y63420
11380,95000C41880V
11381,95000C41900W
11382,95000C434209
11383,95000C434803
11384,95000K67020Y
11385,95000K670404
11386,95000K973601
11387,95000K975206
11388,95000K976604
11389,95000K97900I
11390,95000K98560E
11391,95000Z651205
